meter_serial,reading_timestamp_utc,consumption_kwh
MTR-1001,2026-05-31T22:30:00Z,295.482
MTR-1001,2026-05-31T23:00:00Z,257.181
MTR-1001,2026-05-31T23:30:00Z,294.029
MTR-1001,2026-06-01T00:00:00Z,290.621
MTR-1001,2026-06-01T00:30:00Z,301.850
MTR-1001,2026-06-01T01:00:00Z,262.638
MTR-1001,2026-06-01T01:30:00Z,277.663
MTR-1001,2026-06-01T02:00:00Z,285.360
MTR-1001,2026-06-01T02:30:00Z,306.789
MTR-1001,2026-06-01T03:00:00Z,280.302
MTR-1001,2026-06-01T03:30:00Z,267.341
MTR-1001,2026-06-01T04:00:00Z,299.921
MTR-1001,2026-06-01T04:30:00Z,611.634
MTR-1001,2026-06-01T05:00:00Z,619.653
MTR-1001,2026-06-01T05:30:00Z,621.288
MTR-1001,2026-06-01T06:00:00Z,607.212
MTR-1001,2026-06-01T06:30:00Z,773.456
MTR-1001,2026-06-01T07:00:00Z,802.769
MTR-1001,2026-06-01T07:30:00Z,868.680
MTR-1001,2026-06-01T08:00:00Z,863.198
MTR-1001,2026-06-01T08:30:00Z,849.413
MTR-1001,2026-06-01T09:00:00Z,822.683
MTR-1001,2026-06-01T09:30:00Z,882.412
MTR-1001,2026-06-01T10:00:00Z,850.782
MTR-1001,2026-06-01T10:30:00Z,795.768
MTR-1001,2026-06-01T11:00:00Z,855.018
MTR-1001,2026-06-01T11:30:00Z,832.729
MTR-1001,2026-06-01T12:00:00Z,825.492
MTR-1001,2026-06-01T12:30:00Z,796.571
MTR-1001,2026-06-01T13:00:00Z,814.226
MTR-1001,2026-06-01T13:30:00Z,801.053
MTR-1001,2026-06-01T14:00:00Z,786.773
MTR-1001,2026-06-01T14:30:00Z,880.172
MTR-1001,2026-06-01T15:00:00Z,788.198
MTR-1001,2026-06-01T15:30:00Z,551.213
MTR-1001,2026-06-01T16:00:00Z,511.096
MTR-1001,2026-06-01T16:30:00Z,469.153
MTR-1001,2026-06-01T17:00:00Z,490.402
MTR-1001,2026-06-01T17:30:00Z,487.499
MTR-1001,2026-06-01T18:00:00Z,541.085
MTR-1001,2026-06-01T18:30:00Z,296.743
MTR-1001,2026-06-01T19:00:00Z,288.334
MTR-1001,2026-06-01T19:30:00Z,267.477
MTR-1001,2026-06-01T20:00:00Z,294.858
MTR-1001,2026-06-01T20:30:00Z,296.486
MTR-1001,2026-06-01T21:00:00Z,295.511
MTR-1001,2026-06-01T21:30:00Z,268.068
MTR-1001,2026-06-01T22:00:00Z,299.079
MTR-1001,2026-06-01T22:30:00Z,299.515
MTR-1001,2026-06-01T23:00:00Z,306.368
MTR-1001,2026-06-01T23:30:00Z,314.286
MTR-1001,2026-06-02T00:00:00Z,272.169
MTR-1001,2026-06-02T00:30:00Z,282.402
MTR-1001,2026-06-02T01:00:00Z,285.215
MTR-1001,2026-06-02T01:30:00Z,285.334
MTR-1001,2026-06-02T02:00:00Z,273.487
MTR-1001,2026-06-02T02:30:00Z,270.501
MTR-1001,2026-06-02T03:00:00Z,283.996
MTR-1001,2026-06-02T03:30:00Z,306.785
MTR-1001,2026-06-02T04:00:00Z,286.412
MTR-1001,2026-06-02T04:30:00Z,617.577
MTR-1001,2026-06-02T05:00:00Z,686.997
MTR-1001,2026-06-02T05:30:00Z,613.131
MTR-1001,2026-06-02T06:00:00Z,632.471
MTR-1001,2026-06-02T06:30:00Z,783.051
MTR-1001,2026-06-02T07:00:00Z,831.052
MTR-1001,2026-06-02T07:30:00Z,801.541
MTR-1001,2026-06-02T08:00:00Z,876.811
MTR-1001,2026-06-02T08:30:00Z,827.494
MTR-1001,2026-06-02T09:00:00Z,779.039
MTR-1001,2026-06-02T09:30:00Z,848.798
MTR-1001,2026-06-02T10:00:00Z,797.172
MTR-1001,2026-06-02T10:30:00Z,847.337
MTR-1001,2026-06-02T11:00:00Z,836.114
MTR-1001,2026-06-02T11:30:00Z,884.038
MTR-1001,2026-06-02T12:00:00Z,822.331
MTR-1001,2026-06-02T12:30:00Z,775.869
MTR-1001,2026-06-02T13:00:00Z,854.872
MTR-1001,2026-06-02T13:30:00Z,834.141
MTR-1001,2026-06-02T14:00:00Z,814.464
MTR-1001,2026-06-02T14:30:00Z,857.485
MTR-1001,2026-06-02T15:00:00Z,868.576
MTR-1001,2026-06-02T15:30:00Z,456.850
MTR-1001,2026-06-02T16:00:00Z,450.911
MTR-1001,2026-06-02T16:30:00Z,525.474
MTR-1001,2026-06-02T17:00:00Z,483.836
MTR-1001,2026-06-02T17:30:00Z,458.158
MTR-1001,2026-06-02T18:00:00Z,542.809
MTR-1001,2026-06-02T18:30:00Z,301.476
MTR-1001,2026-06-02T19:00:00Z,275.652
MTR-1001,2026-06-02T19:30:00Z,283.805
MTR-1001,2026-06-02T20:00:00Z,276.665
MTR-1001,2026-06-02T20:30:00Z,289.321
MTR-1001,2026-06-02T21:00:00Z,281.036
MTR-1001,2026-06-02T21:30:00Z,309.553
MTR-1001,2026-06-02T22:00:00Z,283.286
MTR-1001,2026-06-02T22:30:00Z,294.993
MTR-1001,2026-06-02T23:00:00Z,292.800
MTR-1001,2026-06-02T23:30:00Z,312.909
MTR-1001,2026-06-03T00:00:00Z,261.778
MTR-1001,2026-06-03T00:30:00Z,323.133
MTR-1001,2026-06-03T01:00:00Z,279.128
MTR-1001,2026-06-03T01:30:00Z,251.097
MTR-1001,2026-06-03T02:00:00Z,272.022
MTR-1001,2026-06-03T02:30:00Z,289.887
MTR-1001,2026-06-03T03:00:00Z,294.876
MTR-1001,2026-06-03T03:30:00Z,291.396
MTR-1001,2026-06-03T04:00:00Z,270.472
MTR-1001,2026-06-03T04:30:00Z,592.694
MTR-1001,2026-06-03T05:00:00Z,673.826
MTR-1001,2026-06-03T05:30:00Z,604.443
MTR-1001,2026-06-03T06:00:00Z,564.678
MTR-1001,2026-06-03T06:30:00Z,863.363
MTR-1001,2026-06-03T07:00:00Z,871.668
MTR-1001,2026-06-03T07:30:00Z,787.845
MTR-1001,2026-06-03T08:00:00Z,818.050
MTR-1001,2026-06-03T08:30:00Z,820.452
MTR-1001,2026-06-03T09:00:00Z,745.849
MTR-1001,2026-06-03T09:30:00Z,808.689
MTR-1001,2026-06-03T10:00:00Z,824.493
MTR-1001,2026-06-03T10:30:00Z,803.517
MTR-1001,2026-06-03T11:00:00Z,809.314
MTR-1001,2026-06-03T11:30:00Z,845.528
MTR-1001,2026-06-03T12:00:00Z,815.908
MTR-1001,2026-06-03T12:30:00Z,868.150
MTR-1001,2026-06-03T13:00:00Z,790.675
MTR-1001,2026-06-03T13:30:00Z,760.145
MTR-1001,2026-06-03T14:00:00Z,844.336
MTR-1001,2026-06-03T14:30:00Z,838.757
MTR-1001,2026-06-03T15:00:00Z,796.164
MTR-1001,2026-06-03T15:30:00Z,510.988
MTR-1001,2026-06-03T16:00:00Z,485.751
MTR-1001,2026-06-03T16:30:00Z,462.992
MTR-1001,2026-06-03T17:00:00Z,479.426
MTR-1001,2026-06-03T17:30:00Z,513.941
MTR-1001,2026-06-03T18:00:00Z,508.818
MTR-1001,2026-06-03T18:30:00Z,292.897
MTR-1001,2026-06-03T19:00:00Z,282.231
MTR-1001,2026-06-03T19:30:00Z,287.612
MTR-1001,2026-06-03T20:00:00Z,309.132
MTR-1001,2026-06-03T20:30:00Z,307.821
MTR-1001,2026-06-03T21:00:00Z,278.605
MTR-1001,2026-06-03T21:30:00Z,291.995
MTR-1001,2026-06-03T22:00:00Z,271.197
MTR-1001,2026-06-03T22:30:00Z,295.146
MTR-1001,2026-06-03T23:00:00Z,287.065
MTR-1001,2026-06-03T23:30:00Z,276.484
MTR-1001,2026-06-04T00:00:00Z,276.345
MTR-1001,2026-06-04T00:30:00Z,270.367
MTR-1001,2026-06-04T01:00:00Z,275.986
MTR-1001,2026-06-04T01:30:00Z,284.732
MTR-1001,2026-06-04T02:00:00Z,291.459
MTR-1001,2026-06-04T02:30:00Z,282.749
MTR-1001,2026-06-04T03:00:00Z,289.205
MTR-1001,2026-06-04T03:30:00Z,270.067
MTR-1001,2026-06-04T04:00:00Z,300.575
MTR-1001,2026-06-04T04:30:00Z,564.246
MTR-1001,2026-06-04T05:00:00Z,564.752
MTR-1001,2026-06-04T05:30:00Z,658.460
MTR-1001,2026-06-04T06:00:00Z,585.045
MTR-1001,2026-06-04T06:30:00Z,813.893
MTR-1001,2026-06-04T07:00:00Z,784.145
MTR-1001,2026-06-04T07:30:00Z,929.230
MTR-1001,2026-06-04T08:00:00Z,764.246
MTR-1001,2026-06-04T08:30:00Z,795.003
MTR-1001,2026-06-04T09:00:00Z,848.816
MTR-1001,2026-06-04T09:30:00Z,864.954
MTR-1001,2026-06-04T10:00:00Z,771.458
MTR-1001,2026-06-04T10:30:00Z,820.035
MTR-1001,2026-06-04T11:00:00Z,763.983
MTR-1001,2026-06-04T11:30:00Z,792.975
MTR-1001,2026-06-04T12:00:00Z,795.962
MTR-1001,2026-06-04T12:30:00Z,805.937
MTR-1001,2026-06-04T13:00:00Z,890.794
MTR-1001,2026-06-04T13:30:00Z,773.410
MTR-1001,2026-06-04T14:00:00Z,844.413
MTR-1001,2026-06-04T14:30:00Z,798.853
MTR-1001,2026-06-04T15:00:00Z,811.364
MTR-1001,2026-06-04T15:30:00Z,483.495
MTR-1001,2026-06-04T16:00:00Z,471.380
MTR-1001,2026-06-04T16:30:00Z,494.961
MTR-1001,2026-06-04T17:00:00Z,471.436
MTR-1001,2026-06-04T17:30:00Z,491.717
MTR-1001,2026-06-04T18:00:00Z,464.924
MTR-1001,2026-06-04T18:30:00Z,258.854
MTR-1001,2026-06-04T19:00:00Z,286.394
MTR-1001,2026-06-04T19:30:00Z,301.613
MTR-1001,2026-06-04T20:00:00Z,298.865
MTR-1001,2026-06-04T20:30:00Z,296.623
MTR-1001,2026-06-04T21:00:00Z,279.480
MTR-1001,2026-06-04T21:30:00Z,298.255
MTR-1001,2026-06-04T22:00:00Z,287.250
MTR-1001,2026-06-04T22:30:00Z,288.547
MTR-1001,2026-06-04T23:00:00Z,288.079
MTR-1001,2026-06-04T23:30:00Z,284.733
MTR-1001,2026-06-05T00:00:00Z,292.446
MTR-1001,2026-06-05T00:30:00Z,290.662
MTR-1001,2026-06-05T01:00:00Z,270.708
MTR-1001,2026-06-05T01:30:00Z,295.667
MTR-1001,2026-06-05T02:00:00Z,296.441
MTR-1001,2026-06-05T02:30:00Z,283.926
MTR-1001,2026-06-05T03:00:00Z,286.604
MTR-1001,2026-06-05T03:30:00Z,287.482
MTR-1001,2026-06-05T04:00:00Z,274.897
MTR-1001,2026-06-05T04:30:00Z,658.410
MTR-1001,2026-06-05T05:00:00Z,682.429
MTR-1001,2026-06-05T05:30:00Z,592.435
MTR-1001,2026-06-05T06:00:00Z,625.378
MTR-1001,2026-06-05T06:30:00Z,815.645
MTR-1001,2026-06-05T07:00:00Z,824.623
MTR-1001,2026-06-05T07:30:00Z,804.570
MTR-1001,2026-06-05T08:00:00Z,833.905
MTR-1001,2026-06-05T08:30:00Z,790.515
MTR-1001,2026-06-05T09:00:00Z,852.438
MTR-1001,2026-06-05T09:30:00Z,807.232
MTR-1001,2026-06-05T10:00:00Z,799.437
MTR-1001,2026-06-05T10:30:00Z,828.447
MTR-1001,2026-06-05T11:00:00Z,804.972
MTR-1001,2026-06-05T11:30:00Z,855.434
MTR-1001,2026-06-05T12:00:00Z,760.947
MTR-1001,2026-06-05T12:30:00Z,830.521
MTR-1001,2026-06-05T13:00:00Z,798.798
MTR-1001,2026-06-05T13:30:00Z,862.240
MTR-1001,2026-06-05T14:00:00Z,771.099
MTR-1001,2026-06-05T14:30:00Z,792.615
MTR-1001,2026-06-05T15:00:00Z,725.806
MTR-1001,2026-06-05T15:30:00Z,493.740
MTR-1001,2026-06-05T16:00:00Z,491.394
MTR-1001,2026-06-05T16:30:00Z,504.243
MTR-1001,2026-06-05T17:00:00Z,541.332
MTR-1001,2026-06-05T17:30:00Z,458.018
MTR-1001,2026-06-05T18:00:00Z,508.687
MTR-1001,2026-06-05T18:30:00Z,310.740
MTR-1001,2026-06-05T19:00:00Z,303.494
MTR-1001,2026-06-05T19:30:00Z,305.658
MTR-1001,2026-06-05T20:00:00Z,282.764
MTR-1001,2026-06-05T20:30:00Z,282.036
MTR-1001,2026-06-05T21:00:00Z,259.395
MTR-1001,2026-06-05T21:30:00Z,292.584
MTR-1001,2026-06-05T22:00:00Z,287.402
MTR-1001,2026-06-05T22:30:00Z,149.370
MTR-1001,2026-06-05T23:00:00Z,157.980
MTR-1001,2026-06-05T23:30:00Z,164.448
MTR-1001,2026-06-06T00:00:00Z,163.146
MTR-1001,2026-06-06T00:30:00Z,154.290
MTR-1001,2026-06-06T01:00:00Z,154.913
MTR-1001,2026-06-06T01:30:00Z,150.083
MTR-1001,2026-06-06T02:00:00Z,151.972
MTR-1001,2026-06-06T02:30:00Z,142.245
MTR-1001,2026-06-06T03:00:00Z,160.246
MTR-1001,2026-06-06T03:30:00Z,156.748
MTR-1001,2026-06-06T04:00:00Z,152.054
MTR-1001,2026-06-06T04:30:00Z,332.348
MTR-1001,2026-06-06T05:00:00Z,307.074
MTR-1001,2026-06-06T05:30:00Z,338.452
MTR-1001,2026-06-06T06:00:00Z,334.725
MTR-1001,2026-06-06T06:30:00Z,468.708
MTR-1001,2026-06-06T07:00:00Z,442.069
MTR-1001,2026-06-06T07:30:00Z,435.197
MTR-1001,2026-06-06T08:00:00Z,465.805
MTR-1001,2026-06-06T08:30:00Z,439.984
MTR-1001,2026-06-06T09:00:00Z,446.878
MTR-1001,2026-06-06T09:30:00Z,469.827
MTR-1001,2026-06-06T10:00:00Z,438.213
MTR-1001,2026-06-06T10:30:00Z,471.422
MTR-1001,2026-06-06T11:00:00Z,438.135
MTR-1001,2026-06-06T11:30:00Z,414.942
MTR-1001,2026-06-06T12:00:00Z,422.758
MTR-1001,2026-06-06T12:30:00Z,459.435
MTR-1001,2026-06-06T13:00:00Z,435.240
MTR-1001,2026-06-06T13:30:00Z,435.954
MTR-1001,2026-06-06T14:00:00Z,404.297
MTR-1001,2026-06-06T14:30:00Z,455.042
MTR-1001,2026-06-06T15:00:00Z,453.012
MTR-1001,2026-06-06T15:30:00Z,275.319
MTR-1001,2026-06-06T16:00:00Z,283.717
MTR-1001,2026-06-06T16:30:00Z,265.063
MTR-1001,2026-06-06T17:00:00Z,258.344
MTR-1001,2026-06-06T17:30:00Z,268.156
MTR-1001,2026-06-06T18:00:00Z,268.081
MTR-1001,2026-06-06T18:30:00Z,162.336
MTR-1001,2026-06-06T19:00:00Z,157.888
MTR-1001,2026-06-06T19:30:00Z,169.620
MTR-1001,2026-06-06T20:00:00Z,161.362
MTR-1001,2026-06-06T20:30:00Z,153.840
MTR-1001,2026-06-06T21:00:00Z,156.983
MTR-1001,2026-06-06T21:30:00Z,150.849
MTR-1001,2026-06-06T22:00:00Z,158.491
MTR-1001,2026-06-06T22:30:00Z,160.625
MTR-1001,2026-06-06T23:00:00Z,153.922
MTR-1001,2026-06-06T23:30:00Z,153.206
MTR-1001,2026-06-07T00:00:00Z,157.879
MTR-1001,2026-06-07T00:30:00Z,166.615
MTR-1001,2026-06-07T01:00:00Z,152.287
MTR-1001,2026-06-07T01:30:00Z,150.930
MTR-1001,2026-06-07T02:00:00Z,148.216
MTR-1001,2026-06-07T02:30:00Z,154.681
MTR-1001,2026-06-07T03:00:00Z,162.486
MTR-1001,2026-06-07T03:30:00Z,157.980
MTR-1001,2026-06-07T04:00:00Z,153.178
MTR-1001,2026-06-07T04:30:00Z,322.627
MTR-1001,2026-06-07T05:00:00Z,344.729
MTR-1001,2026-06-07T05:30:00Z,332.518
MTR-1001,2026-06-07T06:00:00Z,339.020
MTR-1001,2026-06-07T06:30:00Z,462.765
MTR-1001,2026-06-07T07:00:00Z,450.335
MTR-1001,2026-06-07T07:30:00Z,454.911
MTR-1001,2026-06-07T08:00:00Z,464.569
MTR-1001,2026-06-07T08:30:00Z,483.291
MTR-1001,2026-06-07T09:00:00Z,453.455
MTR-1001,2026-06-07T09:30:00Z,452.416
MTR-1001,2026-06-07T10:00:00Z,442.230
MTR-1001,2026-06-07T10:30:00Z,457.900
MTR-1001,2026-06-07T11:00:00Z,481.181
MTR-1001,2026-06-07T11:30:00Z,462.635
MTR-1001,2026-06-07T12:00:00Z,427.960
MTR-1001,2026-06-07T12:30:00Z,468.632
MTR-1001,2026-06-07T13:00:00Z,476.806
MTR-1001,2026-06-07T13:30:00Z,471.140
MTR-1001,2026-06-07T14:00:00Z,461.042
MTR-1001,2026-06-07T14:30:00Z,476.242
MTR-1001,2026-06-07T15:00:00Z,415.843
MTR-1001,2026-06-07T15:30:00Z,276.587
MTR-1001,2026-06-07T16:00:00Z,261.655
MTR-1001,2026-06-07T16:30:00Z,264.673
MTR-1001,2026-06-07T17:00:00Z,278.426
MTR-1001,2026-06-07T17:30:00Z,261.744
MTR-1001,2026-06-07T18:00:00Z,273.897
MTR-1001,2026-06-07T18:30:00Z,156.083
MTR-1001,2026-06-07T19:00:00Z,141.948
MTR-1001,2026-06-07T19:30:00Z,161.313
MTR-1001,2026-06-07T20:00:00Z,161.843
MTR-1001,2026-06-07T20:30:00Z,162.365
MTR-1001,2026-06-07T21:00:00Z,153.767
MTR-1001,2026-06-07T21:30:00Z,158.770
MTR-1001,2026-06-07T22:00:00Z,158.392
MTR-1001,2026-06-07T22:30:00Z,247.008
MTR-1001,2026-06-07T23:00:00Z,305.096
MTR-1001,2026-06-07T23:30:00Z,276.523
MTR-1001,2026-06-08T00:00:00Z,281.776
MTR-1001,2026-06-08T00:30:00Z,270.026
MTR-1001,2026-06-08T01:00:00Z,300.459
MTR-1001,2026-06-08T01:30:00Z,292.263
MTR-1001,2026-06-08T02:00:00Z,268.927
MTR-1001,2026-06-08T02:30:00Z,297.182
MTR-1001,2026-06-08T03:00:00Z,269.711
MTR-1001,2026-06-08T03:30:00Z,317.441
MTR-1001,2026-06-08T04:00:00Z,296.980
MTR-1001,2026-06-08T04:30:00Z,568.908
MTR-1001,2026-06-08T05:00:00Z,635.840
MTR-1001,2026-06-08T05:30:00Z,607.322
MTR-1001,2026-06-08T06:00:00Z,590.018
MTR-1001,2026-06-08T06:30:00Z,783.753
MTR-1001,2026-06-08T07:00:00Z,873.970
MTR-1001,2026-06-08T07:30:00Z,826.423
MTR-1001,2026-06-08T08:00:00Z,784.615
MTR-1001,2026-06-08T08:30:00Z,771.677
MTR-1001,2026-06-08T09:00:00Z,870.908
MTR-1001,2026-06-08T09:30:00Z,817.155
MTR-1001,2026-06-08T10:00:00Z,832.682
MTR-1001,2026-06-08T10:30:00Z,767.023
MTR-1001,2026-06-08T11:00:00Z,811.696
MTR-1001,2026-06-08T11:30:00Z,842.872
MTR-1001,2026-06-08T12:00:00Z,821.068
MTR-1001,2026-06-08T12:30:00Z,780.338
MTR-1001,2026-06-08T13:00:00Z,778.293
MTR-1001,2026-06-08T13:30:00Z,839.052
MTR-1001,2026-06-08T14:00:00Z,847.831
MTR-1001,2026-06-08T14:30:00Z,865.226
MTR-1001,2026-06-08T15:00:00Z,889.444
MTR-1001,2026-06-08T15:30:00Z,481.573
MTR-1001,2026-06-08T16:00:00Z,476.234
MTR-1001,2026-06-08T16:30:00Z,482.846
MTR-1001,2026-06-08T17:00:00Z,509.390
MTR-1001,2026-06-08T17:30:00Z,487.438
MTR-1001,2026-06-08T18:00:00Z,496.175
MTR-1001,2026-06-08T18:30:00Z,274.415
MTR-1001,2026-06-08T19:00:00Z,304.611
MTR-1001,2026-06-08T19:30:00Z,291.174
MTR-1001,2026-06-08T20:00:00Z,297.719
MTR-1001,2026-06-08T20:30:00Z,292.180
MTR-1001,2026-06-08T21:00:00Z,273.475
MTR-1001,2026-06-08T21:30:00Z,309.623
MTR-1001,2026-06-08T22:00:00Z,297.691
MTR-1001,2026-06-08T22:30:00Z,310.679
MTR-1001,2026-06-08T23:00:00Z,313.815
MTR-1001,2026-06-08T23:30:00Z,302.707
MTR-1001,2026-06-09T00:00:00Z,273.140
MTR-1001,2026-06-09T00:30:00Z,280.622
MTR-1001,2026-06-09T01:00:00Z,252.843
MTR-1001,2026-06-09T01:30:00Z,292.549
MTR-1001,2026-06-09T02:00:00Z,267.620
MTR-1001,2026-06-09T02:30:00Z,285.130
MTR-1001,2026-06-09T03:00:00Z,295.797
MTR-1001,2026-06-09T03:30:00Z,307.049
MTR-1001,2026-06-09T04:00:00Z,292.585
MTR-1001,2026-06-09T04:30:00Z,567.321
MTR-1001,2026-06-09T05:00:00Z,546.828
MTR-1001,2026-06-09T05:30:00Z,588.371
MTR-1001,2026-06-09T06:00:00Z,596.943
MTR-1001,2026-06-09T06:30:00Z,745.153
MTR-1001,2026-06-09T07:00:00Z,815.156
MTR-1001,2026-06-09T07:30:00Z,856.418
MTR-1001,2026-06-09T08:00:00Z,847.496
MTR-1001,2026-06-09T08:30:00Z,807.375
MTR-1001,2026-06-09T09:00:00Z,874.747
MTR-1001,2026-06-09T09:30:00Z,795.889
MTR-1001,2026-06-09T10:00:00Z,808.145
MTR-1001,2026-06-09T10:30:00Z,793.166
MTR-1001,2026-06-09T11:00:00Z,857.142
MTR-1001,2026-06-09T11:30:00Z,791.742
MTR-1001,2026-06-09T12:00:00Z,801.321
MTR-1001,2026-06-09T12:30:00Z,791.385
MTR-1001,2026-06-09T13:00:00Z,801.206
MTR-1001,2026-06-09T13:30:00Z,837.733
MTR-1001,2026-06-09T14:00:00Z,782.608
MTR-1001,2026-06-09T14:30:00Z,742.043
MTR-1001,2026-06-09T15:00:00Z,770.328
MTR-1001,2026-06-09T15:30:00Z,487.733
MTR-1001,2026-06-09T16:00:00Z,477.642
MTR-1001,2026-06-09T16:30:00Z,455.988
MTR-1001,2026-06-09T17:00:00Z,476.216
MTR-1001,2026-06-09T17:30:00Z,507.475
MTR-1001,2026-06-09T18:00:00Z,493.298
MTR-1001,2026-06-09T18:30:00Z,295.968
MTR-1001,2026-06-09T19:00:00Z,296.279
MTR-1001,2026-06-09T19:30:00Z,282.532
MTR-1001,2026-06-09T20:00:00Z,253.798
MTR-1001,2026-06-09T20:30:00Z,277.060
MTR-1001,2026-06-09T21:00:00Z,319.571
MTR-1001,2026-06-09T21:30:00Z,280.842
MTR-1001,2026-06-09T22:00:00Z,273.236
MTR-1001,2026-06-09T22:30:00Z,316.773
MTR-1001,2026-06-09T23:00:00Z,314.473
MTR-1001,2026-06-09T23:30:00Z,296.323
MTR-1001,2026-06-10T00:00:00Z,280.639
MTR-1001,2026-06-10T00:30:00Z,316.781
MTR-1001,2026-06-10T01:00:00Z,298.509
MTR-1001,2026-06-10T01:30:00Z,292.373
MTR-1001,2026-06-10T02:00:00Z,296.144
MTR-1001,2026-06-10T02:30:00Z,307.370
MTR-1001,2026-06-10T03:00:00Z,284.887
MTR-1001,2026-06-10T03:30:00Z,326.051
MTR-1001,2026-06-10T04:00:00Z,275.536
MTR-1001,2026-06-10T04:30:00Z,653.844
MTR-1001,2026-06-10T05:00:00Z,614.418
MTR-1001,2026-06-10T05:30:00Z,647.832
MTR-1001,2026-06-10T06:00:00Z,585.192
MTR-1001,2026-06-10T06:30:00Z,791.940
MTR-1001,2026-06-10T07:00:00Z,830.918
MTR-1001,2026-06-10T07:30:00Z,755.496
MTR-1001,2026-06-10T08:00:00Z,768.599
MTR-1001,2026-06-10T08:30:00Z,790.965
MTR-1001,2026-06-10T09:00:00Z,737.079
MTR-1001,2026-06-10T09:30:00Z,847.055
MTR-1001,2026-06-10T10:00:00Z,808.207
MTR-1001,2026-06-10T10:30:00Z,783.942
MTR-1001,2026-06-10T11:00:00Z,750.895
MTR-1001,2026-06-10T11:30:00Z,863.427
MTR-1001,2026-06-10T12:00:00Z,794.039
MTR-1001,2026-06-10T12:30:00Z,798.633
MTR-1001,2026-06-10T13:00:00Z,806.267
MTR-1001,2026-06-10T13:30:00Z,783.069
MTR-1001,2026-06-10T14:00:00Z,868.727
MTR-1001,2026-06-10T14:30:00Z,830.335
MTR-1001,2026-06-10T15:00:00Z,764.468
MTR-1001,2026-06-10T15:30:00Z,491.470
MTR-1001,2026-06-10T16:00:00Z,480.709
MTR-1001,2026-06-10T16:30:00Z,471.438
MTR-1001,2026-06-10T17:00:00Z,509.282
MTR-1001,2026-06-10T17:30:00Z,467.317
MTR-1001,2026-06-10T18:00:00Z,471.462
MTR-1001,2026-06-10T18:30:00Z,285.604
MTR-1001,2026-06-10T19:00:00Z,264.240
MTR-1001,2026-06-10T19:30:00Z,293.066
MTR-1001,2026-06-10T20:00:00Z,279.097
MTR-1001,2026-06-10T20:30:00Z,287.308
MTR-1001,2026-06-10T21:00:00Z,274.772
MTR-1001,2026-06-10T21:30:00Z,290.140
MTR-1001,2026-06-10T22:00:00Z,279.605
MTR-1001,2026-06-10T22:30:00Z,292.946
MTR-1001,2026-06-10T23:00:00Z,304.981
MTR-1001,2026-06-10T23:30:00Z,291.291
MTR-1001,2026-06-11T00:00:00Z,307.150
MTR-1001,2026-06-11T00:30:00Z,263.801
MTR-1001,2026-06-11T01:00:00Z,271.568
MTR-1001,2026-06-11T01:30:00Z,301.713
MTR-1001,2026-06-11T02:00:00Z,268.466
MTR-1001,2026-06-11T02:30:00Z,284.839
MTR-1001,2026-06-11T03:00:00Z,295.786
MTR-1001,2026-06-11T03:30:00Z,272.118
MTR-1001,2026-06-11T04:00:00Z,309.774
MTR-1001,2026-06-11T04:30:00Z,610.882
MTR-1001,2026-06-11T05:00:00Z,630.525
MTR-1001,2026-06-11T05:30:00Z,589.925
MTR-1001,2026-06-11T06:00:00Z,599.551
MTR-1001,2026-06-11T06:30:00Z,858.442
MTR-1001,2026-06-11T07:00:00Z,818.447
MTR-1001,2026-06-11T07:30:00Z,793.278
MTR-1001,2026-06-11T08:00:00Z,782.183
MTR-1001,2026-06-11T08:30:00Z,757.185
MTR-1001,2026-06-11T09:00:00Z,921.548
MTR-1001,2026-06-11T09:30:00Z,806.833
MTR-1001,2026-06-11T10:00:00Z,844.175
MTR-1001,2026-06-11T10:30:00Z,840.396
MTR-1001,2026-06-11T11:00:00Z,793.105
MTR-1001,2026-06-11T11:30:00Z,800.358
MTR-1001,2026-06-11T12:00:00Z,857.095
MTR-1001,2026-06-11T12:30:00Z,790.245
MTR-1001,2026-06-11T13:00:00Z,818.785
MTR-1001,2026-06-11T13:30:00Z,813.486
MTR-1001,2026-06-11T14:00:00Z,870.549
MTR-1001,2026-06-11T14:30:00Z,826.386
MTR-1001,2026-06-11T15:00:00Z,828.982
MTR-1001,2026-06-11T15:30:00Z,511.230
MTR-1001,2026-06-11T16:00:00Z,488.825
MTR-1001,2026-06-11T16:30:00Z,527.321
MTR-1001,2026-06-11T17:00:00Z,508.954
MTR-1001,2026-06-11T17:30:00Z,483.890
MTR-1001,2026-06-11T18:00:00Z,447.308
MTR-1001,2026-06-11T18:30:00Z,304.390
MTR-1001,2026-06-11T19:00:00Z,278.741
MTR-1001,2026-06-11T19:30:00Z,288.259
MTR-1001,2026-06-11T20:00:00Z,288.281
MTR-1001,2026-06-11T20:30:00Z,278.096
MTR-1001,2026-06-11T21:00:00Z,284.415
MTR-1001,2026-06-11T21:30:00Z,268.550
MTR-1001,2026-06-11T22:00:00Z,282.939
MTR-1001,2026-06-11T22:30:00Z,297.276
MTR-1001,2026-06-11T23:00:00Z,282.513
MTR-1001,2026-06-11T23:30:00Z,300.433
MTR-1001,2026-06-12T00:00:00Z,303.059
MTR-1001,2026-06-12T00:30:00Z,277.400
MTR-1001,2026-06-12T01:00:00Z,288.120
MTR-1001,2026-06-12T01:30:00Z,292.360
MTR-1001,2026-06-12T02:00:00Z,274.621
MTR-1001,2026-06-12T02:30:00Z,297.346
MTR-1001,2026-06-12T03:00:00Z,279.380
MTR-1001,2026-06-12T03:30:00Z,281.035
MTR-1001,2026-06-12T04:00:00Z,283.799
MTR-1001,2026-06-12T10:30:00Z,831.376
MTR-1001,2026-06-12T11:00:00Z,839.723
MTR-1001,2026-06-12T11:30:00Z,823.444
MTR-1001,2026-06-12T12:00:00Z,823.511
MTR-1001,2026-06-12T12:30:00Z,825.098
MTR-1001,2026-06-12T13:00:00Z,844.921
MTR-1001,2026-06-12T13:30:00Z,764.461
MTR-1001,2026-06-12T14:00:00Z,858.062
MTR-1001,2026-06-12T14:30:00Z,838.463
MTR-1001,2026-06-12T15:00:00Z,784.965
MTR-1001,2026-06-12T15:30:00Z,498.709
MTR-1001,2026-06-12T16:00:00Z,462.101
MTR-1001,2026-06-12T16:30:00Z,503.399
MTR-1001,2026-06-12T17:00:00Z,524.424
MTR-1001,2026-06-12T17:30:00Z,482.896
MTR-1001,2026-06-12T18:00:00Z,499.661
MTR-1001,2026-06-12T18:30:00Z,295.999
MTR-1001,2026-06-12T19:00:00Z,275.687
MTR-1001,2026-06-12T19:30:00Z,277.662
MTR-1001,2026-06-12T20:00:00Z,260.442
MTR-1001,2026-06-12T20:30:00Z,264.910
MTR-1001,2026-06-12T21:00:00Z,282.011
MTR-1001,2026-06-12T21:30:00Z,300.372
MTR-1001,2026-06-12T22:00:00Z,257.130
MTR-1001,2026-06-12T22:30:00Z,163.999
MTR-1001,2026-06-12T23:00:00Z,150.154
MTR-1001,2026-06-12T23:30:00Z,160.299
MTR-1001,2026-06-13T00:00:00Z,155.945
MTR-1001,2026-06-13T00:30:00Z,163.399
MTR-1001,2026-06-13T01:00:00Z,161.209
MTR-1001,2026-06-13T01:30:00Z,162.058
MTR-1001,2026-06-13T02:00:00Z,154.273
MTR-1001,2026-06-13T02:30:00Z,155.276
MTR-1001,2026-06-13T03:00:00Z,162.828
MTR-1001,2026-06-13T03:30:00Z,165.579
MTR-1001,2026-06-13T04:00:00Z,142.531
MTR-1001,2026-06-13T04:30:00Z,324.549
MTR-1001,2026-06-13T05:00:00Z,332.280
MTR-1001,2026-06-13T05:30:00Z,318.940
MTR-1001,2026-06-13T06:00:00Z,331.765
MTR-1001,2026-06-13T06:30:00Z,435.736
MTR-1001,2026-06-13T07:00:00Z,463.058
MTR-1001,2026-06-13T07:30:00Z,421.593
MTR-1001,2026-06-13T08:00:00Z,499.540
MTR-1001,2026-06-13T08:30:00Z,453.457
MTR-1001,2026-06-13T09:00:00Z,442.558
MTR-1001,2026-06-13T09:30:00Z,465.293
MTR-1001,2026-06-13T10:00:00Z,419.915
MTR-1001,2026-06-13T10:30:00Z,441.737
MTR-1001,2026-06-13T11:00:00Z,411.921
MTR-1001,2026-06-13T11:30:00Z,470.225
MTR-1001,2026-06-13T12:00:00Z,452.048
MTR-1001,2026-06-13T12:30:00Z,455.571
MTR-1001,2026-06-13T13:00:00Z,449.470
MTR-1001,2026-06-13T13:30:00Z,426.657
MTR-1001,2026-06-13T14:00:00Z,432.273
MTR-1001,2026-06-13T14:30:00Z,484.577
MTR-1001,2026-06-13T15:00:00Z,456.980
MTR-1001,2026-06-13T15:30:00Z,276.374
MTR-1001,2026-06-13T16:00:00Z,275.867
MTR-1001,2026-06-13T16:30:00Z,285.055
MTR-1001,2026-06-13T17:00:00Z,282.990
MTR-1001,2026-06-13T17:30:00Z,270.362
MTR-1001,2026-06-13T18:00:00Z,292.953
MTR-1001,2026-06-13T18:30:00Z,157.272
MTR-1001,2026-06-13T19:00:00Z,170.735
MTR-1001,2026-06-13T19:30:00Z,161.570
MTR-1001,2026-06-13T20:00:00Z,164.182
MTR-1001,2026-06-13T20:30:00Z,164.151
MTR-1001,2026-06-13T21:00:00Z,149.800
MTR-1001,2026-06-13T21:30:00Z,160.480
MTR-1001,2026-06-13T22:00:00Z,157.814
MTR-1001,2026-06-13T22:30:00Z,162.371
MTR-1001,2026-06-13T23:00:00Z,154.316
MTR-1001,2026-06-13T23:30:00Z,153.360
MTR-1001,2026-06-14T00:00:00Z,155.738
MTR-1001,2026-06-14T00:30:00Z,164.847
MTR-1001,2026-06-14T01:00:00Z,164.781
MTR-1001,2026-06-14T01:30:00Z,156.612
MTR-1001,2026-06-14T02:00:00Z,164.027
MTR-1001,2026-06-14T02:30:00Z,158.244
MTR-1001,2026-06-14T03:00:00Z,145.945
MTR-1001,2026-06-14T03:30:00Z,162.385
MTR-1001,2026-06-14T04:00:00Z,155.736
MTR-1001,2026-06-14T04:30:00Z,306.734
MTR-1001,2026-06-14T05:00:00Z,368.127
MTR-1001,2026-06-14T05:30:00Z,338.183
MTR-1001,2026-06-14T06:00:00Z,311.059
MTR-1001,2026-06-14T06:30:00Z,448.380
MTR-1001,2026-06-14T07:00:00Z,435.074
MTR-1001,2026-06-14T07:30:00Z,457.453
MTR-1001,2026-06-14T08:00:00Z,470.356
MTR-1001,2026-06-14T08:30:00Z,455.721
MTR-1001,2026-06-14T09:00:00Z,396.408
MTR-1001,2026-06-14T09:30:00Z,452.533
MTR-1001,2026-06-14T10:00:00Z,448.377
MTR-1001,2026-06-14T10:30:00Z,414.879
MTR-1001,2026-06-14T11:00:00Z,462.867
MTR-1001,2026-06-14T11:30:00Z,447.717
MTR-1001,2026-06-14T12:00:00Z,479.519
MTR-1001,2026-06-14T12:30:00Z,435.905
MTR-1001,2026-06-14T13:00:00Z,501.147
MTR-1001,2026-06-14T13:30:00Z,463.670
MTR-1001,2026-06-14T14:00:00Z,447.704
MTR-1001,2026-06-14T14:30:00Z,450.484
MTR-1001,2026-06-14T15:00:00Z,440.431
MTR-1001,2026-06-14T15:30:00Z,261.225
MTR-1001,2026-06-14T16:00:00Z,263.406
MTR-1001,2026-06-14T16:30:00Z,262.627
MTR-1001,2026-06-14T17:00:00Z,274.071
MTR-1001,2026-06-14T17:30:00Z,276.878
MTR-1001,2026-06-14T18:00:00Z,279.572
MTR-1001,2026-06-14T18:30:00Z,165.703
MTR-1001,2026-06-14T19:00:00Z,150.907
MTR-1001,2026-06-14T19:30:00Z,154.951
MTR-1001,2026-06-14T20:00:00Z,155.846
MTR-1001,2026-06-14T20:30:00Z,161.977
MTR-1001,2026-06-14T21:00:00Z,163.166
MTR-1001,2026-06-14T21:30:00Z,167.099
MTR-1001,2026-06-14T22:00:00Z,157.536
MTR-1001,2026-06-14T22:30:00Z,287.706
MTR-1001,2026-06-14T23:00:00Z,281.687
MTR-1001,2026-06-14T23:30:00Z,303.421
MTR-1001,2026-06-15T00:00:00Z,322.841
MTR-1001,2026-06-15T00:30:00Z,277.242
MTR-1001,2026-06-15T01:00:00Z,285.707
MTR-1001,2026-06-15T01:30:00Z,295.898
MTR-1001,2026-06-15T02:00:00Z,276.333
MTR-1001,2026-06-15T02:30:00Z,298.010
MTR-1001,2026-06-15T03:00:00Z,299.958
MTR-1001,2026-06-15T03:30:00Z,300.085
MTR-1001,2026-06-15T04:00:00Z,267.928
MTR-1001,2026-06-15T04:30:00Z,630.668
MTR-1001,2026-06-15T05:00:00Z,618.747
MTR-1001,2026-06-15T05:30:00Z,636.247
MTR-1001,2026-06-15T06:00:00Z,621.334
MTR-1001,2026-06-15T06:30:00Z,809.383
MTR-1001,2026-06-15T07:00:00Z,798.597
MTR-1001,2026-06-15T07:30:00Z,828.394
MTR-1001,2026-06-15T08:00:00Z,847.792
MTR-1001,2026-06-15T08:30:00Z,895.463
MTR-1001,2026-06-15T09:00:00Z,885.097
MTR-1001,2026-06-15T09:30:00Z,816.652
MTR-1001,2026-06-15T10:00:00Z,728.295
MTR-1001,2026-06-15T10:30:00Z,777.571
MTR-1001,2026-06-15T11:00:00Z,836.944
MTR-1001,2026-06-15T11:30:00Z,852.129
MTR-1001,2026-06-15T12:00:00Z,858.501
MTR-1001,2026-06-15T12:30:00Z,847.909
MTR-1001,2026-06-15T13:00:00Z,938.329
MTR-1001,2026-06-15T13:30:00Z,814.677
MTR-1001,2026-06-15T14:00:00Z,792.347
MTR-1001,2026-06-15T14:30:00Z,901.404
MTR-1001,2026-06-15T15:00:00Z,917.960
MTR-1001,2026-06-15T15:30:00Z,519.638
MTR-1001,2026-06-15T16:00:00Z,486.251
MTR-1001,2026-06-15T16:30:00Z,529.250
MTR-1001,2026-06-15T17:00:00Z,516.746
MTR-1001,2026-06-15T17:30:00Z,503.589
MTR-1001,2026-06-15T18:00:00Z,449.238
MTR-1001,2026-06-15T18:30:00Z,276.858
MTR-1001,2026-06-15T19:00:00Z,307.723
MTR-1001,2026-06-15T19:30:00Z,272.887
MTR-1001,2026-06-15T20:00:00Z,287.404
MTR-1001,2026-06-15T20:30:00Z,271.636
MTR-1001,2026-06-15T21:00:00Z,279.016
MTR-1001,2026-06-15T21:30:00Z,294.832
MTR-1001,2026-06-15T22:00:00Z,281.739
MTR-1001,2026-06-15T22:30:00Z,291.731
MTR-1001,2026-06-15T23:00:00Z,278.728
MTR-1001,2026-06-15T23:30:00Z,322.942
MTR-1001,2026-06-16T00:00:00Z,270.743
MTR-1001,2026-06-16T00:30:00Z,265.090
MTR-1001,2026-06-16T01:00:00Z,286.687
MTR-1001,2026-06-16T01:30:00Z,288.807
MTR-1001,2026-06-16T02:00:00Z,303.539
MTR-1001,2026-06-16T02:30:00Z,266.504
MTR-1001,2026-06-16T03:00:00Z,295.650
MTR-1001,2026-06-16T03:30:00Z,276.352
MTR-1001,2026-06-16T04:00:00Z,287.543
MTR-1001,2026-06-16T04:30:00Z,607.879
MTR-1001,2026-06-16T05:00:00Z,524.056
MTR-1001,2026-06-16T05:30:00Z,645.456
MTR-1001,2026-06-16T06:00:00Z,649.768
MTR-1001,2026-06-16T06:30:00Z,895.238
MTR-1001,2026-06-16T07:00:00Z,827.080
MTR-1001,2026-06-16T07:30:00Z,827.969
MTR-1001,2026-06-16T08:00:00Z,804.502
MTR-1001,2026-06-16T08:30:00Z,848.279
MTR-1001,2026-06-16T09:00:00Z,800.422
MTR-1001,2026-06-16T09:30:00Z,835.505
MTR-1001,2026-06-16T10:00:00Z,779.409
MTR-1001,2026-06-16T10:30:00Z,825.233
MTR-1001,2026-06-16T11:00:00Z,803.576
MTR-1001,2026-06-16T11:30:00Z,820.017
MTR-1001,2026-06-16T12:00:00Z,774.735
MTR-1001,2026-06-16T12:30:00Z,780.831
MTR-1001,2026-06-16T13:00:00Z,835.191
MTR-1001,2026-06-16T13:30:00Z,895.500
MTR-1001,2026-06-16T14:00:00Z,788.485
MTR-1001,2026-06-16T14:30:00Z,846.417
MTR-1001,2026-06-16T15:00:00Z,839.551
MTR-1001,2026-06-16T15:30:00Z,490.840
MTR-1001,2026-06-16T16:00:00Z,465.639
MTR-1001,2026-06-16T16:30:00Z,475.364
MTR-1001,2026-06-16T17:00:00Z,470.008
MTR-1001,2026-06-16T17:30:00Z,483.081
MTR-1001,2026-06-16T18:00:00Z,473.958
MTR-1001,2026-06-16T18:30:00Z,307.788
MTR-1001,2026-06-16T19:00:00Z,276.982
MTR-1001,2026-06-16T19:30:00Z,287.219
MTR-1001,2026-06-16T20:00:00Z,286.832
MTR-1001,2026-06-16T20:30:00Z,305.473
MTR-1001,2026-06-16T21:00:00Z,297.022
MTR-1001,2026-06-16T21:30:00Z,255.632
MTR-1001,2026-06-16T22:00:00Z,288.519
MTR-1001,2026-06-16T22:30:00Z,298.409
MTR-1001,2026-06-16T23:00:00Z,283.702
MTR-1001,2026-06-16T23:30:00Z,304.178
MTR-1001,2026-06-17T00:00:00Z,292.430
MTR-1001,2026-06-17T00:30:00Z,292.342
MTR-1001,2026-06-17T01:00:00Z,295.390
MTR-1001,2026-06-17T01:30:00Z,286.650
MTR-1001,2026-06-17T02:00:00Z,278.670
MTR-1001,2026-06-17T02:30:00Z,307.383
MTR-1001,2026-06-17T03:00:00Z,289.752
MTR-1001,2026-06-17T03:30:00Z,269.635
MTR-1001,2026-06-17T04:00:00Z,268.925
MTR-1001,2026-06-17T04:30:00Z,596.030
MTR-1001,2026-06-17T05:00:00Z,611.423
MTR-1001,2026-06-17T05:30:00Z,552.177
MTR-1001,2026-06-17T06:00:00Z,574.644
MTR-1001,2026-06-17T06:30:00Z,825.230
MTR-1001,2026-06-17T07:00:00Z,730.428
MTR-1001,2026-06-17T07:30:00Z,825.529
MTR-1001,2026-06-17T08:00:00Z,785.727
MTR-1001,2026-06-17T08:30:00Z,803.945
MTR-1001,2026-06-17T09:00:00Z,796.284
MTR-1001,2026-06-17T09:30:00Z,834.389
MTR-1001,2026-06-17T10:00:00Z,761.427
MTR-1001,2026-06-17T10:30:00Z,828.750
MTR-1001,2026-06-17T11:00:00Z,805.598
MTR-1001,2026-06-17T11:30:00Z,842.918
MTR-1001,2026-06-17T12:00:00Z,837.782
MTR-1001,2026-06-17T12:30:00Z,787.537
MTR-1001,2026-06-17T13:00:00Z,756.544
MTR-1001,2026-06-17T13:30:00Z,758.724
MTR-1001,2026-06-17T14:00:00Z,814.514
MTR-1001,2026-06-17T14:30:00Z,924.330
MTR-1001,2026-06-17T15:00:00Z,861.431
MTR-1001,2026-06-17T15:30:00Z,494.580
MTR-1001,2026-06-17T16:00:00Z,497.478
MTR-1001,2026-06-17T16:30:00Z,502.160
MTR-1001,2026-06-17T17:00:00Z,515.746
MTR-1001,2026-06-17T17:30:00Z,441.411
MTR-1001,2026-06-17T18:00:00Z,486.581
MTR-1001,2026-06-17T18:30:00Z,293.122
MTR-1001,2026-06-17T19:00:00Z,295.299
MTR-1001,2026-06-17T19:30:00Z,279.402
MTR-1001,2026-06-17T20:00:00Z,276.353
MTR-1001,2026-06-17T20:30:00Z,283.433
MTR-1001,2026-06-17T21:00:00Z,299.447
MTR-1001,2026-06-17T21:30:00Z,281.743
MTR-1001,2026-06-17T22:00:00Z,273.439
MTR-1001,2026-06-17T22:30:00Z,298.808
MTR-1001,2026-06-17T23:00:00Z,297.910
MTR-1001,2026-06-17T23:30:00Z,273.684
MTR-1001,2026-06-18T00:00:00Z,257.211
MTR-1001,2026-06-18T00:30:00Z,296.600
MTR-1001,2026-06-18T01:00:00Z,300.542
MTR-1001,2026-06-18T01:30:00Z,280.774
MTR-1001,2026-06-18T02:00:00Z,267.587
MTR-1001,2026-06-18T02:30:00Z,266.376
MTR-1001,2026-06-18T03:00:00Z,298.814
MTR-1001,2026-06-18T03:30:00Z,287.113
MTR-1001,2026-06-18T04:00:00Z,291.280
MTR-1001,2026-06-18T04:30:00Z,593.693
MTR-1001,2026-06-18T05:00:00Z,631.124
MTR-1001,2026-06-18T05:30:00Z,577.784
MTR-1001,2026-06-18T06:00:00Z,604.469
MTR-1001,2026-06-18T06:30:00Z,743.722
MTR-1001,2026-06-18T07:00:00Z,833.395
MTR-1001,2026-06-18T07:30:00Z,801.100
MTR-1001,2026-06-18T08:00:00Z,783.513
MTR-1001,2026-06-18T08:30:00Z,773.403
MTR-1001,2026-06-18T09:00:00Z,783.151
MTR-1001,2026-06-18T09:30:00Z,809.367
MTR-1001,2026-06-18T10:00:00Z,834.944
MTR-1001,2026-06-18T10:30:00Z,832.003
MTR-1001,2026-06-18T11:00:00Z,819.398
MTR-1001,2026-06-18T11:30:00Z,857.540
MTR-1001,2026-06-18T12:00:00Z,797.089
MTR-1001,2026-06-18T12:30:00Z,868.320
MTR-1001,2026-06-18T13:00:00Z,848.688
MTR-1001,2026-06-18T13:30:00Z,845.710
MTR-1001,2026-06-18T14:00:00Z,791.187
MTR-1001,2026-06-18T14:30:00Z,829.703
MTR-1001,2026-06-18T15:00:00Z,784.204
MTR-1001,2026-06-18T15:30:00Z,456.482
MTR-1001,2026-06-18T16:00:00Z,463.950
MTR-1001,2026-06-18T16:30:00Z,477.764
MTR-1001,2026-06-18T17:00:00Z,482.019
MTR-1001,2026-06-18T17:30:00Z,523.600
MTR-1001,2026-06-18T18:00:00Z,417.570
MTR-1001,2026-06-18T18:30:00Z,283.264
MTR-1001,2026-06-18T19:00:00Z,254.388
MTR-1001,2026-06-18T19:30:00Z,286.956
MTR-1001,2026-06-18T20:00:00Z,288.421
MTR-1001,2026-06-18T20:30:00Z,295.362
MTR-1001,2026-06-18T21:00:00Z,297.115
MTR-1001,2026-06-18T21:30:00Z,295.754
MTR-1001,2026-06-18T22:00:00Z,303.887
MTR-1001,2026-06-18T22:30:00Z,247.491
MTR-1001,2026-06-18T23:00:00Z,277.563
MTR-1001,2026-06-18T23:30:00Z,268.060
MTR-1001,2026-06-19T00:00:00Z,302.625
MTR-1001,2026-06-19T00:30:00Z,275.583
MTR-1001,2026-06-19T01:00:00Z,298.113
MTR-1001,2026-06-19T01:30:00Z,279.526
MTR-1001,2026-06-19T02:00:00Z,281.615
MTR-1001,2026-06-19T02:30:00Z,288.317
MTR-1001,2026-06-19T03:00:00Z,306.993
MTR-1001,2026-06-19T03:30:00Z,311.743
MTR-1001,2026-06-19T04:00:00Z,284.812
MTR-1001,2026-06-19T04:30:00Z,563.350
MTR-1001,2026-06-19T05:00:00Z,607.857
MTR-1001,2026-06-19T05:30:00Z,591.261
MTR-1001,2026-06-19T06:00:00Z,661.041
MTR-1001,2026-06-19T06:30:00Z,816.857
MTR-1001,2026-06-19T07:00:00Z,820.640
MTR-1001,2026-06-19T07:30:00Z,796.068
MTR-1001,2026-06-19T08:00:00Z,736.935
MTR-1001,2026-06-19T08:30:00Z,815.096
MTR-1001,2026-06-19T09:00:00Z,813.777
MTR-1001,2026-06-19T09:30:00Z,753.789
MTR-1001,2026-06-19T10:00:00Z,778.607
MTR-1001,2026-06-19T10:30:00Z,825.955
MTR-1001,2026-06-19T11:00:00Z,783.498
MTR-1001,2026-06-19T11:30:00Z,872.755
MTR-1001,2026-06-19T12:00:00Z,791.567
MTR-1001,2026-06-19T12:30:00Z,778.940
MTR-1001,2026-06-19T13:00:00Z,825.760
MTR-1001,2026-06-19T13:30:00Z,813.604
MTR-1001,2026-06-19T14:00:00Z,844.803
MTR-1001,2026-06-19T14:30:00Z,798.229
MTR-1001,2026-06-19T15:00:00Z,854.109
MTR-1001,2026-06-19T15:30:00Z,517.401
MTR-1001,2026-06-19T16:00:00Z,513.709
MTR-1001,2026-06-19T16:30:00Z,450.817
MTR-1001,2026-06-19T17:00:00Z,517.456
MTR-1001,2026-06-19T17:30:00Z,484.479
MTR-1001,2026-06-19T18:00:00Z,486.702
MTR-1001,2026-06-19T18:30:00Z,283.974
MTR-1001,2026-06-19T19:00:00Z,285.157
MTR-1001,2026-06-19T19:30:00Z,272.547
MTR-1001,2026-06-19T20:00:00Z,287.415
MTR-1001,2026-06-19T20:30:00Z,278.079
MTR-1001,2026-06-19T21:00:00Z,289.192
MTR-1001,2026-06-19T21:30:00Z,305.174
MTR-1001,2026-06-19T22:00:00Z,295.210
MTR-1001,2026-06-19T22:30:00Z,164.904
MTR-1001,2026-06-19T23:00:00Z,158.567
MTR-1001,2026-06-19T23:30:00Z,156.778
MTR-1001,2026-06-20T00:00:00Z,162.864
MTR-1001,2026-06-20T00:30:00Z,166.486
MTR-1001,2026-06-20T01:00:00Z,161.926
MTR-1001,2026-06-20T01:30:00Z,151.461
MTR-1001,2026-06-20T02:00:00Z,144.382
MTR-1001,2026-06-20T02:30:00Z,165.661
MTR-1001,2026-06-20T03:00:00Z,152.014
MTR-1001,2026-06-20T03:30:00Z,149.094
MTR-1001,2026-06-20T04:00:00Z,159.363
MTR-1001,2026-06-20T04:30:00Z,329.242
MTR-1001,2026-06-20T05:00:00Z,346.985
MTR-1001,2026-06-20T05:30:00Z,334.174
MTR-1001,2026-06-20T06:00:00Z,310.963
MTR-1001,2026-06-20T06:30:00Z,435.330
MTR-1001,2026-06-20T07:00:00Z,424.420
MTR-1001,2026-06-20T07:30:00Z,416.761
MTR-1001,2026-06-20T08:00:00Z,469.930
MTR-1001,2026-06-20T08:30:00Z,438.827
MTR-1001,2026-06-20T09:00:00Z,455.122
MTR-1001,2026-06-20T09:30:00Z,478.486
MTR-1001,2026-06-20T10:00:00Z,470.725
MTR-1001,2026-06-20T10:30:00Z,469.580
MTR-1001,2026-06-20T11:00:00Z,483.796
MTR-1001,2026-06-20T11:30:00Z,476.276
MTR-1001,2026-06-20T12:00:00Z,453.377
MTR-1001,2026-06-20T12:30:00Z,506.786
MTR-1001,2026-06-20T13:00:00Z,421.444
MTR-1001,2026-06-20T13:30:00Z,449.702
MTR-1001,2026-06-20T14:00:00Z,468.581
MTR-1001,2026-06-20T14:30:00Z,429.722
MTR-1001,2026-06-20T15:00:00Z,471.591
MTR-1001,2026-06-20T15:30:00Z,277.089
MTR-1001,2026-06-20T16:00:00Z,281.593
MTR-1001,2026-06-20T16:30:00Z,253.472
MTR-1001,2026-06-20T17:00:00Z,282.459
MTR-1001,2026-06-20T17:30:00Z,274.116
MTR-1001,2026-06-20T18:00:00Z,281.169
MTR-1001,2026-06-20T18:30:00Z,157.883
MTR-1001,2026-06-20T19:00:00Z,152.749
MTR-1001,2026-06-20T19:30:00Z,162.498
MTR-1001,2026-06-20T20:00:00Z,158.553
MTR-1001,2026-06-20T20:30:00Z,157.093
MTR-1001,2026-06-20T21:00:00Z,152.297
MTR-1001,2026-06-20T21:30:00Z,162.253
MTR-1001,2026-06-20T22:00:00Z,151.905
MTR-1001,2026-06-20T22:30:00Z,149.431
MTR-1001,2026-06-20T23:00:00Z,169.220
MTR-1001,2026-06-20T23:30:00Z,150.657
MTR-1001,2026-06-21T00:00:00Z,156.139
MTR-1001,2026-06-21T00:30:00Z,169.708
MTR-1001,2026-06-21T01:00:00Z,159.535
MTR-1001,2026-06-21T01:30:00Z,156.607
MTR-1001,2026-06-21T02:00:00Z,153.956
MTR-1001,2026-06-21T02:30:00Z,152.851
MTR-1001,2026-06-21T03:00:00Z,153.173
MTR-1001,2026-06-21T03:30:00Z,160.704
MTR-1001,2026-06-21T04:00:00Z,156.395
MTR-1001,2026-06-21T04:30:00Z,322.978
MTR-1001,2026-06-21T05:00:00Z,354.893
MTR-1001,2026-06-21T05:30:00Z,346.160
MTR-1001,2026-06-21T06:00:00Z,345.348
MTR-1001,2026-06-21T06:30:00Z,475.399
MTR-1001,2026-06-21T07:00:00Z,420.888
MTR-1001,2026-06-21T07:30:00Z,439.643
MTR-1001,2026-06-21T08:00:00Z,458.976
MTR-1001,2026-06-21T08:30:00Z,456.433
MTR-1001,2026-06-21T09:00:00Z,436.693
MTR-1001,2026-06-21T09:30:00Z,483.835
MTR-1001,2026-06-21T10:00:00Z,471.581
MTR-1001,2026-06-21T10:30:00Z,465.873
MTR-1001,2026-06-21T11:00:00Z,445.361
MTR-1001,2026-06-21T11:30:00Z,455.921
MTR-1001,2026-06-21T12:00:00Z,436.295
MTR-1001,2026-06-21T12:30:00Z,460.788
MTR-1001,2026-06-21T13:00:00Z,460.226
MTR-1001,2026-06-21T13:30:00Z,435.275
MTR-1001,2026-06-21T14:00:00Z,432.759
MTR-1001,2026-06-21T14:30:00Z,434.181
MTR-1001,2026-06-21T15:00:00Z,424.324
MTR-1001,2026-06-21T15:30:00Z,280.727
MTR-1001,2026-06-21T16:00:00Z,263.705
MTR-1001,2026-06-21T16:30:00Z,260.474
MTR-1001,2026-06-21T17:00:00Z,270.998
MTR-1001,2026-06-21T17:30:00Z,282.842
MTR-1001,2026-06-21T18:00:00Z,310.279
MTR-1001,2026-06-21T18:30:00Z,147.850
MTR-1001,2026-06-21T19:00:00Z,153.057
MTR-1001,2026-06-21T19:30:00Z,158.296
MTR-1001,2026-06-21T20:00:00Z,161.834
MTR-1001,2026-06-21T20:30:00Z,159.234
MTR-1001,2026-06-21T21:00:00Z,156.373
MTR-1001,2026-06-21T21:30:00Z,158.940
MTR-1001,2026-06-21T22:00:00Z,151.149
MTR-1001,2026-06-21T22:30:00Z,278.509
MTR-1001,2026-06-21T23:00:00Z,285.842
MTR-1001,2026-06-21T23:30:00Z,276.655
MTR-1001,2026-06-22T00:00:00Z,295.823
MTR-1001,2026-06-22T00:30:00Z,298.499
MTR-1001,2026-06-22T01:00:00Z,295.886
MTR-1001,2026-06-22T01:30:00Z,284.591
MTR-1001,2026-06-22T02:00:00Z,301.353
MTR-1001,2026-06-22T02:30:00Z,288.498
MTR-1001,2026-06-22T03:00:00Z,301.016
MTR-1001,2026-06-22T03:30:00Z,292.967
MTR-1001,2026-06-22T04:00:00Z,279.831
MTR-1001,2026-06-22T04:30:00Z,590.470
MTR-1001,2026-06-22T05:00:00Z,623.700
MTR-1001,2026-06-22T05:30:00Z,560.841
MTR-1001,2026-06-22T06:00:00Z,606.720
MTR-1001,2026-06-22T06:30:00Z,842.247
MTR-1001,2026-06-22T07:00:00Z,777.450
MTR-1001,2026-06-22T07:30:00Z,819.557
MTR-1001,2026-06-22T08:00:00Z,843.612
MTR-1001,2026-06-22T08:30:00Z,786.168
MTR-1001,2026-06-22T09:00:00Z,826.597
MTR-1001,2026-06-22T09:30:00Z,808.557
MTR-1001,2026-06-22T10:00:00Z,769.623
MTR-1001,2026-06-22T10:30:00Z,905.578
MTR-1001,2026-06-22T11:00:00Z,647.865
MTR-1001,2026-06-22T11:30:00Z,819.590
MTR-1001,2026-06-22T12:00:00Z,753.670
MTR-1001,2026-06-22T12:30:00Z,815.989
MTR-1001,2026-06-22T13:00:00Z,850.458
MTR-1001,2026-06-22T13:30:00Z,776.117
MTR-1001,2026-06-22T14:00:00Z,859.017
MTR-1001,2026-06-22T14:30:00Z,839.423
MTR-1001,2026-06-22T15:00:00Z,807.540
MTR-1001,2026-06-22T15:30:00Z,478.775
MTR-1001,2026-06-22T16:00:00Z,501.707
MTR-1001,2026-06-22T16:30:00Z,503.021
MTR-1001,2026-06-22T17:00:00Z,500.042
MTR-1001,2026-06-22T17:30:00Z,502.016
MTR-1001,2026-06-22T18:00:00Z,469.879
MTR-1001,2026-06-22T18:30:00Z,276.795
MTR-1001,2026-06-22T19:00:00Z,276.374
MTR-1001,2026-06-22T19:30:00Z,286.452
MTR-1001,2026-06-22T20:00:00Z,261.290
MTR-1001,2026-06-22T20:30:00Z,298.948
MTR-1001,2026-06-22T21:00:00Z,274.607
MTR-1001,2026-06-22T21:30:00Z,274.275
MTR-1001,2026-06-22T22:00:00Z,291.500
MTR-1001,2026-06-22T22:30:00Z,280.217
MTR-1001,2026-06-22T23:00:00Z,305.848
MTR-1001,2026-06-22T23:30:00Z,289.768
MTR-1001,2026-06-23T00:00:00Z,312.128
MTR-1001,2026-06-23T00:30:00Z,289.075
MTR-1001,2026-06-23T01:00:00Z,291.148
MTR-1001,2026-06-23T01:30:00Z,299.521
MTR-1001,2026-06-23T02:00:00Z,314.324
MTR-1001,2026-06-23T02:30:00Z,293.361
MTR-1001,2026-06-23T03:00:00Z,280.854
MTR-1001,2026-06-23T03:30:00Z,295.084
MTR-1001,2026-06-23T04:00:00Z,287.461
MTR-1001,2026-06-23T04:30:00Z,667.170
MTR-1001,2026-06-23T05:00:00Z,607.901
MTR-1001,2026-06-23T05:30:00Z,586.311
MTR-1001,2026-06-23T06:00:00Z,659.269
MTR-1001,2026-06-23T06:30:00Z,781.165
MTR-1001,2026-06-23T07:00:00Z,832.805
MTR-1001,2026-06-23T07:30:00Z,812.681
MTR-1001,2026-06-23T08:00:00Z,771.628
MTR-1001,2026-06-23T08:30:00Z,800.716
MTR-1001,2026-06-23T09:00:00Z,868.322
MTR-1001,2026-06-23T09:30:00Z,765.076
MTR-1001,2026-06-23T10:00:00Z,785.225
MTR-1001,2026-06-23T10:30:00Z,852.655
MTR-1001,2026-06-23T11:00:00Z,792.676
MTR-1001,2026-06-23T11:30:00Z,890.978
MTR-1001,2026-06-23T12:00:00Z,836.092
MTR-1001,2026-06-23T12:30:00Z,768.092
MTR-1001,2026-06-23T13:00:00Z,796.174
MTR-1001,2026-06-23T13:30:00Z,759.279
MTR-1001,2026-06-23T14:00:00Z,757.439
MTR-1001,2026-06-23T14:30:00Z,846.610
MTR-1001,2026-06-23T15:00:00Z,864.559
MTR-1001,2026-06-23T15:30:00Z,522.504
MTR-1001,2026-06-23T16:00:00Z,486.722
MTR-1001,2026-06-23T16:30:00Z,530.532
MTR-1001,2026-06-23T17:00:00Z,450.205
MTR-1001,2026-06-23T17:30:00Z,515.951
MTR-1001,2026-06-23T18:00:00Z,451.780
MTR-1001,2026-06-23T18:30:00Z,276.925
MTR-1001,2026-06-23T19:00:00Z,292.045
MTR-1001,2026-06-23T19:30:00Z,288.113
MTR-1001,2026-06-23T20:00:00Z,303.325
MTR-1001,2026-06-23T20:30:00Z,293.449
MTR-1001,2026-06-23T21:00:00Z,321.675
MTR-1001,2026-06-23T21:30:00Z,285.826
MTR-1001,2026-06-23T22:00:00Z,281.485
MTR-1001,2026-06-23T22:30:00Z,287.196
MTR-1001,2026-06-23T23:00:00Z,296.558
MTR-1001,2026-06-23T23:30:00Z,291.840
MTR-1001,2026-06-24T00:00:00Z,285.075
MTR-1001,2026-06-24T00:30:00Z,302.370
MTR-1001,2026-06-24T01:00:00Z,300.821
MTR-1001,2026-06-24T01:30:00Z,282.044
MTR-1001,2026-06-24T02:00:00Z,297.396
MTR-1001,2026-06-24T02:30:00Z,285.920
MTR-1001,2026-06-24T03:00:00Z,303.109
MTR-1001,2026-06-24T03:30:00Z,259.247
MTR-1001,2026-06-24T04:00:00Z,294.090
MTR-1001,2026-06-24T04:30:00Z,645.999
MTR-1001,2026-06-24T05:00:00Z,692.101
MTR-1001,2026-06-24T05:30:00Z,623.816
MTR-1001,2026-06-24T06:00:00Z,597.358
MTR-1001,2026-06-24T06:30:00Z,807.918
MTR-1001,2026-06-24T07:00:00Z,737.544
MTR-1001,2026-06-24T07:30:00Z,833.172
MTR-1001,2026-06-24T08:00:00Z,888.101
MTR-1001,2026-06-24T08:30:00Z,844.531
MTR-1001,2026-06-24T09:00:00Z,893.629
MTR-1001,2026-06-24T09:30:00Z,803.263
MTR-1001,2026-06-24T10:00:00Z,824.545
MTR-1001,2026-06-24T10:30:00Z,772.140
MTR-1001,2026-06-24T11:00:00Z,767.207
MTR-1001,2026-06-24T11:30:00Z,852.624
MTR-1001,2026-06-24T12:00:00Z,802.543
MTR-1001,2026-06-24T12:30:00Z,782.193
MTR-1001,2026-06-24T13:00:00Z,798.684
MTR-1001,2026-06-24T13:30:00Z,848.021
MTR-1001,2026-06-24T14:00:00Z,778.088
MTR-1001,2026-06-24T14:30:00Z,833.587
MTR-1001,2026-06-24T15:00:00Z,799.023
MTR-1001,2026-06-24T15:30:00Z,506.737
MTR-1001,2026-06-24T16:00:00Z,503.932
MTR-1001,2026-06-24T16:30:00Z,473.236
MTR-1001,2026-06-24T17:00:00Z,480.434
MTR-1001,2026-06-24T17:30:00Z,509.583
MTR-1001,2026-06-24T18:00:00Z,485.777
MTR-1001,2026-06-24T18:30:00Z,293.698
MTR-1001,2026-06-24T19:00:00Z,293.170
MTR-1001,2026-06-24T19:30:00Z,290.443
MTR-1001,2026-06-24T20:00:00Z,299.294
MTR-1001,2026-06-24T20:30:00Z,299.674
MTR-1001,2026-06-24T21:00:00Z,283.064
MTR-1001,2026-06-24T21:30:00Z,291.511
MTR-1001,2026-06-24T22:00:00Z,279.178
MTR-1001,2026-06-24T22:30:00Z,247.532
MTR-1001,2026-06-24T23:00:00Z,301.457
MTR-1001,2026-06-24T23:30:00Z,291.027
MTR-1001,2026-06-25T00:00:00Z,294.648
MTR-1001,2026-06-25T00:30:00Z,274.073
MTR-1001,2026-06-25T01:00:00Z,277.077
MTR-1001,2026-06-25T01:30:00Z,297.659
MTR-1001,2026-06-25T02:00:00Z,297.033
MTR-1001,2026-06-25T02:30:00Z,257.543
MTR-1001,2026-06-25T03:00:00Z,249.491
MTR-1001,2026-06-25T03:30:00Z,288.457
MTR-1001,2026-06-25T04:00:00Z,299.867
MTR-1001,2026-06-25T04:30:00Z,663.905
MTR-1001,2026-06-25T05:00:00Z,656.248
MTR-1001,2026-06-25T05:30:00Z,566.845
MTR-1001,2026-06-25T06:00:00Z,662.514
MTR-1001,2026-06-25T06:30:00Z,815.582
MTR-1001,2026-06-25T07:00:00Z,789.835
MTR-1001,2026-06-25T07:30:00Z,811.212
MTR-1001,2026-06-25T08:00:00Z,811.278
MTR-1001,2026-06-25T08:30:00Z,822.366
MTR-1001,2026-06-25T09:00:00Z,794.058
MTR-1001,2026-06-25T09:30:00Z,759.661
MTR-1001,2026-06-25T10:00:00Z,871.215
MTR-1001,2026-06-25T10:30:00Z,837.642
MTR-1001,2026-06-25T11:00:00Z,837.782
MTR-1001,2026-06-25T11:30:00Z,902.853
MTR-1001,2026-06-25T12:00:00Z,876.427
MTR-1001,2026-06-25T12:30:00Z,801.637
MTR-1001,2026-06-25T13:00:00Z,759.375
MTR-1001,2026-06-25T13:30:00Z,793.874
MTR-1001,2026-06-25T14:00:00Z,847.901
MTR-1001,2026-06-25T14:30:00Z,771.230
MTR-1001,2026-06-25T15:00:00Z,880.190
MTR-1001,2026-06-25T15:30:00Z,507.697
MTR-1001,2026-06-25T16:00:00Z,493.774
MTR-1001,2026-06-25T16:30:00Z,447.991
MTR-1001,2026-06-25T17:00:00Z,453.229
MTR-1001,2026-06-25T17:30:00Z,527.461
MTR-1001,2026-06-25T18:00:00Z,522.702
MTR-1001,2026-06-25T18:30:00Z,273.948
MTR-1001,2026-06-25T19:00:00Z,284.148
MTR-1001,2026-06-25T19:30:00Z,267.983
MTR-1001,2026-06-25T20:00:00Z,277.987
MTR-1001,2026-06-25T20:30:00Z,297.207
MTR-1001,2026-06-25T21:00:00Z,287.197
MTR-1001,2026-06-25T21:30:00Z,291.744
MTR-1001,2026-06-25T22:00:00Z,307.521
MTR-1001,2026-06-25T22:30:00Z,306.735
MTR-1001,2026-06-25T23:00:00Z,286.024
MTR-1001,2026-06-25T23:30:00Z,299.231
MTR-1001,2026-06-26T00:00:00Z,293.634
MTR-1001,2026-06-26T00:30:00Z,300.868
MTR-1001,2026-06-26T01:00:00Z,273.437
MTR-1001,2026-06-26T01:30:00Z,309.667
MTR-1001,2026-06-26T02:00:00Z,297.284
MTR-1001,2026-06-26T02:30:00Z,286.758
MTR-1001,2026-06-26T03:00:00Z,293.419
MTR-1001,2026-06-26T03:30:00Z,297.390
MTR-1001,2026-06-26T04:00:00Z,302.809
MTR-1001,2026-06-26T04:30:00Z,667.346
MTR-1001,2026-06-26T05:00:00Z,613.654
MTR-1001,2026-06-26T05:30:00Z,656.280
MTR-1001,2026-06-26T06:00:00Z,623.803
MTR-1001,2026-06-26T06:30:00Z,775.490
MTR-1001,2026-06-26T07:00:00Z,780.883
MTR-1001,2026-06-26T07:30:00Z,823.165
MTR-1001,2026-06-26T08:00:00Z,780.910
MTR-1001,2026-06-26T08:30:00Z,759.038
MTR-1001,2026-06-26T09:00:00Z,846.373
MTR-1001,2026-06-26T09:30:00Z,809.368
MTR-1001,2026-06-26T10:00:00Z,787.814
MTR-1001,2026-06-26T10:30:00Z,858.877
MTR-1001,2026-06-26T11:00:00Z,840.152
MTR-1001,2026-06-26T11:30:00Z,857.635
MTR-1001,2026-06-26T12:00:00Z,779.759
MTR-1001,2026-06-26T12:30:00Z,782.025
MTR-1001,2026-06-26T13:00:00Z,791.279
MTR-1001,2026-06-26T13:30:00Z,840.754
MTR-1001,2026-06-26T14:00:00Z,782.146
MTR-1001,2026-06-26T14:30:00Z,767.530
MTR-1001,2026-06-26T15:00:00Z,758.737
MTR-1001,2026-06-26T15:30:00Z,465.555
MTR-1001,2026-06-26T16:00:00Z,555.481
MTR-1001,2026-06-26T16:30:00Z,487.209
MTR-1001,2026-06-26T17:00:00Z,506.653
MTR-1001,2026-06-26T17:30:00Z,501.133
MTR-1001,2026-06-26T18:00:00Z,478.906
MTR-1001,2026-06-26T18:30:00Z,289.618
MTR-1001,2026-06-26T19:00:00Z,297.912
MTR-1001,2026-06-26T19:30:00Z,268.481
MTR-1001,2026-06-26T20:00:00Z,284.255
MTR-1001,2026-06-26T20:30:00Z,290.707
MTR-1001,2026-06-26T21:00:00Z,260.338
MTR-1001,2026-06-26T21:30:00Z,291.723
MTR-1001,2026-06-26T22:00:00Z,273.446
MTR-1001,2026-06-26T22:30:00Z,158.729
MTR-1001,2026-06-26T23:00:00Z,160.171
MTR-1001,2026-06-26T23:30:00Z,168.744
MTR-1001,2026-06-27T00:00:00Z,159.084
MTR-1001,2026-06-27T00:30:00Z,166.535
MTR-1001,2026-06-27T01:00:00Z,146.709
MTR-1001,2026-06-27T01:30:00Z,157.980
MTR-1001,2026-06-27T02:00:00Z,177.509
MTR-1001,2026-06-27T02:30:00Z,161.760
MTR-1001,2026-06-27T03:00:00Z,168.873
MTR-1001,2026-06-27T03:30:00Z,152.826
MTR-1001,2026-06-27T04:00:00Z,155.313
MTR-1001,2026-06-27T04:30:00Z,349.005
MTR-1001,2026-06-27T05:00:00Z,354.653
MTR-1001,2026-06-27T05:30:00Z,363.627
MTR-1001,2026-06-27T06:00:00Z,360.828
MTR-1001,2026-06-27T06:30:00Z,493.819
MTR-1001,2026-06-27T07:00:00Z,422.070
MTR-1001,2026-06-27T07:30:00Z,446.065
MTR-1001,2026-06-27T08:00:00Z,462.721
MTR-1001,2026-06-27T08:30:00Z,418.070
MTR-1001,2026-06-27T09:00:00Z,492.176
MTR-1001,2026-06-27T09:30:00Z,485.437
MTR-1001,2026-06-27T10:00:00Z,466.278
MTR-1001,2026-06-27T10:30:00Z,437.588
MTR-1001,2026-06-27T11:00:00Z,476.410
MTR-1001,2026-06-27T11:30:00Z,468.144
MTR-1001,2026-06-27T12:00:00Z,431.026
MTR-1001,2026-06-27T12:30:00Z,444.434
MTR-1001,2026-06-27T13:00:00Z,425.038
MTR-1001,2026-06-27T13:30:00Z,436.025
MTR-1001,2026-06-27T14:00:00Z,433.475
MTR-1001,2026-06-27T14:30:00Z,469.840
MTR-1001,2026-06-27T15:00:00Z,436.690
MTR-1001,2026-06-27T15:30:00Z,266.915
MTR-1001,2026-06-27T16:00:00Z,223.283
MTR-1001,2026-06-27T16:30:00Z,274.711
MTR-1001,2026-06-27T17:00:00Z,283.478
MTR-1001,2026-06-27T17:30:00Z,263.967
MTR-1001,2026-06-27T18:00:00Z,247.622
MTR-1001,2026-06-27T18:30:00Z,156.915
MTR-1001,2026-06-27T19:00:00Z,161.010
MTR-1001,2026-06-27T19:30:00Z,155.394
MTR-1001,2026-06-27T20:00:00Z,154.189
MTR-1001,2026-06-27T20:30:00Z,160.984
MTR-1001,2026-06-27T21:00:00Z,149.243
MTR-1001,2026-06-27T21:30:00Z,155.997
MTR-1001,2026-06-27T22:00:00Z,156.059
MTR-1001,2026-06-27T22:30:00Z,158.348
MTR-1001,2026-06-27T23:00:00Z,151.420
MTR-1001,2026-06-27T23:30:00Z,166.509
MTR-1001,2026-06-28T00:00:00Z,158.650
MTR-1001,2026-06-28T00:30:00Z,150.175
MTR-1001,2026-06-28T01:00:00Z,159.344
MTR-1001,2026-06-28T01:30:00Z,162.209
MTR-1001,2026-06-28T02:00:00Z,166.559
MTR-1001,2026-06-28T02:30:00Z,167.779
MTR-1001,2026-06-28T03:00:00Z,140.659
MTR-1001,2026-06-28T03:30:00Z,166.730
MTR-1001,2026-06-28T04:00:00Z,155.491
MTR-1001,2026-06-28T04:30:00Z,338.353
MTR-1001,2026-06-28T05:00:00Z,329.807
MTR-1001,2026-06-28T05:30:00Z,326.500
MTR-1001,2026-06-28T06:00:00Z,335.822
MTR-1001,2026-06-28T06:30:00Z,472.795
MTR-1001,2026-06-28T07:00:00Z,464.096
MTR-1001,2026-06-28T07:30:00Z,401.246
MTR-1001,2026-06-28T08:00:00Z,486.587
MTR-1001,2026-06-28T08:30:00Z,432.092
MTR-1001,2026-06-28T09:00:00Z,435.960
MTR-1001,2026-06-28T09:30:00Z,456.071
MTR-1001,2026-06-28T10:00:00Z,445.698
MTR-1001,2026-06-28T10:30:00Z,412.323
MTR-1001,2026-06-28T11:00:00Z,488.640
MTR-1001,2026-06-28T11:30:00Z,454.308
MTR-1001,2026-06-28T12:00:00Z,456.181
MTR-1001,2026-06-28T12:30:00Z,443.657
MTR-1001,2026-06-28T13:00:00Z,490.775
MTR-1001,2026-06-28T13:30:00Z,446.903
MTR-1001,2026-06-28T14:00:00Z,473.124
MTR-1001,2026-06-28T14:30:00Z,436.712
MTR-1001,2026-06-28T15:00:00Z,448.053
MTR-1001,2026-06-28T15:30:00Z,295.937
MTR-1001,2026-06-28T16:00:00Z,265.436
MTR-1001,2026-06-28T16:30:00Z,261.433
MTR-1001,2026-06-28T17:00:00Z,260.241
MTR-1001,2026-06-28T17:30:00Z,256.568
MTR-1001,2026-06-28T18:00:00Z,279.184
MTR-1001,2026-06-28T18:30:00Z,143.847
MTR-1001,2026-06-28T19:00:00Z,173.670
MTR-1001,2026-06-28T19:30:00Z,153.848
MTR-1001,2026-06-28T20:00:00Z,155.359
MTR-1001,2026-06-28T20:30:00Z,162.788
MTR-1001,2026-06-28T21:00:00Z,148.244
MTR-1001,2026-06-28T21:30:00Z,154.689
MTR-1001,2026-06-28T22:00:00Z,155.031
MTR-1001,2026-06-28T22:30:00Z,305.932
MTR-1001,2026-06-28T23:00:00Z,284.008
MTR-1001,2026-06-28T23:30:00Z,267.280
MTR-1001,2026-06-29T00:00:00Z,288.867
MTR-1001,2026-06-29T00:30:00Z,285.219
MTR-1001,2026-06-29T01:00:00Z,288.302
MTR-1001,2026-06-29T01:30:00Z,301.556
MTR-1001,2026-06-29T02:00:00Z,264.300
MTR-1001,2026-06-29T02:30:00Z,280.680
MTR-1001,2026-06-29T03:00:00Z,291.460
MTR-1001,2026-06-29T03:30:00Z,293.707
MTR-1001,2026-06-29T04:00:00Z,281.439
MTR-1001,2026-06-29T04:30:00Z,578.049
MTR-1001,2026-06-29T05:00:00Z,628.809
MTR-1001,2026-06-29T05:30:00Z,606.085
MTR-1001,2026-06-29T06:00:00Z,655.800
MTR-1001,2026-06-29T06:30:00Z,791.593
MTR-1001,2026-06-29T07:00:00Z,846.399
MTR-1001,2026-06-29T07:30:00Z,881.674
MTR-1001,2026-06-29T08:00:00Z,822.242
MTR-1001,2026-06-29T08:30:00Z,874.292
MTR-1001,2026-06-29T09:00:00Z,892.614
MTR-1001,2026-06-29T09:30:00Z,831.876
MTR-1001,2026-06-29T10:00:00Z,814.665
MTR-1001,2026-06-29T10:30:00Z,872.454
MTR-1001,2026-06-29T11:00:00Z,784.896
MTR-1001,2026-06-29T11:30:00Z,779.220
MTR-1001,2026-06-29T12:00:00Z,822.605
MTR-1001,2026-06-29T12:30:00Z,721.215
MTR-1001,2026-06-29T13:00:00Z,824.052
MTR-1001,2026-06-29T13:30:00Z,811.249
MTR-1001,2026-06-29T14:00:00Z,752.505
MTR-1001,2026-06-29T14:30:00Z,775.989
MTR-1001,2026-06-29T15:00:00Z,872.513
MTR-1001,2026-06-29T15:30:00Z,478.807
MTR-1001,2026-06-29T16:00:00Z,515.966
MTR-1001,2026-06-29T16:30:00Z,518.720
MTR-1001,2026-06-29T17:00:00Z,526.009
MTR-1001,2026-06-29T17:30:00Z,458.610
MTR-1001,2026-06-29T18:00:00Z,450.687
MTR-1001,2026-06-29T18:30:00Z,302.923
MTR-1001,2026-06-29T19:00:00Z,281.747
MTR-1001,2026-06-29T19:30:00Z,287.678
MTR-1001,2026-06-29T20:00:00Z,292.088
MTR-1001,2026-06-29T20:30:00Z,283.802
MTR-1001,2026-06-29T21:00:00Z,263.656
MTR-1001,2026-06-29T21:30:00Z,290.938
MTR-1001,2026-06-29T22:00:00Z,278.523
MTR-1001,2026-06-29T22:30:00Z,299.434
MTR-1001,2026-06-29T23:00:00Z,275.018
MTR-1001,2026-06-29T23:30:00Z,254.175
MTR-1001,2026-06-30T00:00:00Z,286.465
MTR-1001,2026-06-30T00:30:00Z,267.262
MTR-1001,2026-06-30T01:00:00Z,293.546
MTR-1001,2026-06-30T01:30:00Z,256.376
MTR-1001,2026-06-30T02:00:00Z,292.414
MTR-1001,2026-06-30T02:30:00Z,277.096
MTR-1001,2026-06-30T03:00:00Z,295.609
MTR-1001,2026-06-30T03:30:00Z,287.566
MTR-1001,2026-06-30T04:00:00Z,300.441
MTR-1001,2026-06-30T04:30:00Z,558.524
MTR-1001,2026-06-30T05:00:00Z,672.658
MTR-1001,2026-06-30T05:30:00Z,650.666
MTR-1001,2026-06-30T06:00:00Z,613.731
MTR-1001,2026-06-30T06:30:00Z,941.889
MTR-1001,2026-06-30T07:00:00Z,784.280
MTR-1001,2026-06-30T07:30:00Z,839.290
MTR-1001,2026-06-30T08:00:00Z,767.689
MTR-1001,2026-06-30T08:30:00Z,778.881
MTR-1001,2026-06-30T09:00:00Z,813.373
MTR-1001,2026-06-30T09:30:00Z,791.318
MTR-1001,2026-06-30T10:00:00Z,867.122
MTR-1001,2026-06-30T10:30:00Z,736.484
MTR-1001,2026-06-30T11:00:00Z,849.362
MTR-1001,2026-06-30T11:30:00Z,816.772
MTR-1001,2026-06-30T12:00:00Z,820.794
MTR-1001,2026-06-30T12:30:00Z,878.001
MTR-1001,2026-06-30T13:00:00Z,852.717
MTR-1001,2026-06-30T13:30:00Z,767.197
MTR-1001,2026-06-30T14:00:00Z,836.033
MTR-1001,2026-06-30T14:30:00Z,811.484
MTR-1001,2026-06-30T15:00:00Z,872.503
MTR-1001,2026-06-30T15:30:00Z,492.697
MTR-1001,2026-06-30T16:00:00Z,498.446
MTR-1001,2026-06-30T16:30:00Z,482.963
MTR-1001,2026-06-30T17:00:00Z,548.874
MTR-1001,2026-06-30T17:30:00Z,463.142
MTR-1001,2026-06-30T18:00:00Z,478.385
MTR-1001,2026-06-30T18:30:00Z,298.223
MTR-1001,2026-06-30T19:00:00Z,304.138
MTR-1001,2026-06-30T19:30:00Z,273.907
MTR-1001,2026-06-30T20:00:00Z,287.212
MTR-1001,2026-06-30T20:30:00Z,296.730
MTR-1001,2026-06-30T21:00:00Z,289.948
MTR-1001,2026-06-30T21:30:00Z,302.503
MTR-1001,2026-06-30T22:00:00Z,322.044
MTR-1002,2026-05-31T22:30:00Z,183.799
MTR-1002,2026-05-31T23:00:00Z,189.065
MTR-1002,2026-05-31T23:30:00Z,191.143
MTR-1002,2026-06-01T00:00:00Z,198.437
MTR-1002,2026-06-01T00:30:00Z,181.880
MTR-1002,2026-06-01T01:00:00Z,173.665
MTR-1002,2026-06-01T01:30:00Z,186.697
MTR-1002,2026-06-01T02:00:00Z,195.644
MTR-1002,2026-06-01T02:30:00Z,192.296
MTR-1002,2026-06-01T03:00:00Z,182.477
MTR-1002,2026-06-01T03:30:00Z,196.816
MTR-1002,2026-06-01T04:00:00Z,191.894
MTR-1002,2026-06-01T04:30:00Z,448.075
MTR-1002,2026-06-01T05:00:00Z,505.266
MTR-1002,2026-06-01T05:30:00Z,516.478
MTR-1002,2026-06-01T06:00:00Z,504.859
MTR-1002,2026-06-01T06:30:00Z,611.539
MTR-1002,2026-06-01T07:00:00Z,632.616
MTR-1002,2026-06-01T07:30:00Z,675.811
MTR-1002,2026-06-01T08:00:00Z,683.764
MTR-1002,2026-06-01T08:30:00Z,626.602
MTR-1002,2026-06-01T09:00:00Z,672.035
MTR-1002,2026-06-01T09:30:00Z,661.568
MTR-1002,2026-06-01T10:00:00Z,609.804
MTR-1002,2026-06-01T10:30:00Z,615.984
MTR-1002,2026-06-01T11:00:00Z,679.656
MTR-1002,2026-06-01T11:30:00Z,621.932
MTR-1002,2026-06-01T12:00:00Z,568.656
MTR-1002,2026-06-01T12:30:00Z,639.503
MTR-1002,2026-06-01T13:00:00Z,620.007
MTR-1002,2026-06-01T13:30:00Z,726.134
MTR-1002,2026-06-01T14:00:00Z,632.470
MTR-1002,2026-06-01T14:30:00Z,603.614
MTR-1002,2026-06-01T15:00:00Z,593.625
MTR-1002,2026-06-01T15:30:00Z,430.904
MTR-1002,2026-06-01T16:00:00Z,372.106
MTR-1002,2026-06-01T16:30:00Z,373.545
MTR-1002,2026-06-01T17:00:00Z,395.056
MTR-1002,2026-06-01T17:30:00Z,359.402
MTR-1002,2026-06-01T18:00:00Z,415.650
MTR-1002,2026-06-01T18:30:00Z,178.414
MTR-1002,2026-06-01T19:00:00Z,206.259
MTR-1002,2026-06-01T19:30:00Z,198.808
MTR-1002,2026-06-01T20:00:00Z,178.867
MTR-1002,2026-06-01T20:30:00Z,201.011
MTR-1002,2026-06-01T21:00:00Z,192.599
MTR-1002,2026-06-01T21:30:00Z,183.709
MTR-1002,2026-06-01T22:00:00Z,199.019
MTR-1002,2026-06-01T22:30:00Z,208.732
MTR-1002,2026-06-01T23:00:00Z,193.278
MTR-1002,2026-06-01T23:30:00Z,198.166
MTR-1002,2026-06-02T00:00:00Z,199.543
MTR-1002,2026-06-02T00:30:00Z,200.301
MTR-1002,2026-06-02T01:00:00Z,195.094
MTR-1002,2026-06-02T01:30:00Z,190.330
MTR-1002,2026-06-02T02:00:00Z,195.232
MTR-1002,2026-06-02T02:30:00Z,188.754
MTR-1002,2026-06-02T03:00:00Z,199.013
MTR-1002,2026-06-02T03:30:00Z,185.814
MTR-1002,2026-06-02T04:00:00Z,208.308
MTR-1002,2026-06-02T04:30:00Z,489.604
MTR-1002,2026-06-02T05:00:00Z,528.352
MTR-1002,2026-06-02T05:30:00Z,483.093
MTR-1002,2026-06-02T06:00:00Z,507.599
MTR-1002,2026-06-02T06:30:00Z,665.899
MTR-1002,2026-06-02T07:00:00Z,653.972
MTR-1002,2026-06-02T07:30:00Z,619.007
MTR-1002,2026-06-02T08:00:00Z,635.905
MTR-1002,2026-06-02T08:30:00Z,610.299
MTR-1002,2026-06-02T09:00:00Z,619.121
MTR-1002,2026-06-02T09:30:00Z,648.502
MTR-1002,2026-06-02T10:00:00Z,675.717
MTR-1002,2026-06-02T10:30:00Z,640.827
MTR-1002,2026-06-02T11:00:00Z,723.293
MTR-1002,2026-06-02T11:30:00Z,613.031
MTR-1002,2026-06-02T12:00:00Z,642.360
MTR-1002,2026-06-02T12:30:00Z,667.773
MTR-1002,2026-06-02T13:00:00Z,628.149
MTR-1002,2026-06-02T13:30:00Z,652.359
MTR-1002,2026-06-02T14:00:00Z,656.544
MTR-1002,2026-06-02T14:30:00Z,632.763
MTR-1002,2026-06-02T15:00:00Z,656.969
MTR-1002,2026-06-02T15:30:00Z,352.821
MTR-1002,2026-06-02T16:00:00Z,386.705
MTR-1002,2026-06-02T16:30:00Z,410.672
MTR-1002,2026-06-02T17:00:00Z,416.213
MTR-1002,2026-06-02T17:30:00Z,376.494
MTR-1002,2026-06-02T18:00:00Z,412.102
MTR-1002,2026-06-02T18:30:00Z,186.547
MTR-1002,2026-06-02T19:00:00Z,201.951
MTR-1002,2026-06-02T19:30:00Z,182.741
MTR-1002,2026-06-02T20:00:00Z,176.985
MTR-1002,2026-06-02T20:30:00Z,188.267
MTR-1002,2026-06-02T21:00:00Z,187.711
MTR-1002,2026-06-02T21:30:00Z,197.197
MTR-1002,2026-06-02T22:00:00Z,180.965
MTR-1002,2026-06-02T22:30:00Z,173.173
MTR-1002,2026-06-02T23:00:00Z,191.527
MTR-1002,2026-06-02T23:30:00Z,187.370
MTR-1002,2026-06-03T00:00:00Z,187.546
MTR-1002,2026-06-03T00:30:00Z,171.981
MTR-1002,2026-06-03T01:00:00Z,209.925
MTR-1002,2026-06-03T01:30:00Z,200.528
MTR-1002,2026-06-03T02:00:00Z,174.618
MTR-1002,2026-06-03T02:30:00Z,164.555
MTR-1002,2026-06-03T03:00:00Z,176.340
MTR-1002,2026-06-03T03:30:00Z,183.326
MTR-1002,2026-06-03T04:00:00Z,183.099
MTR-1002,2026-06-03T04:30:00Z,523.472
MTR-1002,2026-06-03T05:00:00Z,519.081
MTR-1002,2026-06-03T05:30:00Z,548.131
MTR-1002,2026-06-03T06:00:00Z,463.887
MTR-1002,2026-06-03T06:30:00Z,636.257
MTR-1002,2026-06-03T07:00:00Z,642.201
MTR-1002,2026-06-03T07:30:00Z,560.334
MTR-1002,2026-06-03T08:00:00Z,608.484
MTR-1002,2026-06-03T08:30:00Z,668.144
MTR-1002,2026-06-03T09:00:00Z,666.901
MTR-1002,2026-06-03T09:30:00Z,594.255
MTR-1002,2026-06-03T10:00:00Z,688.462
MTR-1002,2026-06-03T10:30:00Z,587.588
MTR-1002,2026-06-03T11:00:00Z,607.679
MTR-1002,2026-06-03T11:30:00Z,658.497
MTR-1002,2026-06-03T12:00:00Z,612.175
MTR-1002,2026-06-03T12:30:00Z,640.812
MTR-1002,2026-06-03T13:00:00Z,610.314
MTR-1002,2026-06-03T13:30:00Z,682.389
MTR-1002,2026-06-03T14:00:00Z,657.020
MTR-1002,2026-06-03T14:30:00Z,686.483
MTR-1002,2026-06-03T15:00:00Z,656.858
MTR-1002,2026-06-03T15:30:00Z,407.230
MTR-1002,2026-06-03T16:00:00Z,366.475
MTR-1002,2026-06-03T16:30:00Z,411.176
MTR-1002,2026-06-03T17:00:00Z,386.979
MTR-1002,2026-06-03T17:30:00Z,397.968
MTR-1002,2026-06-03T18:00:00Z,357.594
MTR-1002,2026-06-03T18:30:00Z,206.819
MTR-1002,2026-06-03T19:00:00Z,183.659
MTR-1002,2026-06-03T19:30:00Z,198.676
MTR-1002,2026-06-03T20:00:00Z,177.168
MTR-1002,2026-06-03T20:30:00Z,195.220
MTR-1002,2026-06-03T21:00:00Z,187.783
MTR-1002,2026-06-03T21:30:00Z,176.780
MTR-1002,2026-06-03T22:00:00Z,190.136
MTR-1002,2026-06-03T22:30:00Z,191.883
MTR-1002,2026-06-03T23:00:00Z,193.021
MTR-1002,2026-06-03T23:30:00Z,192.924
MTR-1002,2026-06-04T00:00:00Z,200.002
MTR-1002,2026-06-04T00:30:00Z,202.830
MTR-1002,2026-06-04T01:00:00Z,184.988
MTR-1002,2026-06-04T01:30:00Z,203.929
MTR-1002,2026-06-04T02:00:00Z,207.715
MTR-1002,2026-06-04T02:30:00Z,177.279
MTR-1002,2026-06-04T03:00:00Z,202.400
MTR-1002,2026-06-04T03:30:00Z,196.741
MTR-1002,2026-06-04T04:00:00Z,214.027
MTR-1002,2026-06-04T04:30:00Z,454.285
MTR-1002,2026-06-04T05:00:00Z,519.059
MTR-1002,2026-06-04T05:30:00Z,503.592
MTR-1002,2026-06-04T06:00:00Z,481.044
MTR-1002,2026-06-04T06:30:00Z,676.578
MTR-1002,2026-06-04T07:00:00Z,678.772
MTR-1002,2026-06-04T07:30:00Z,686.881
MTR-1002,2026-06-04T08:00:00Z,699.132
MTR-1002,2026-06-04T08:30:00Z,665.899
MTR-1002,2026-06-04T09:00:00Z,647.298
MTR-1002,2026-06-04T09:30:00Z,567.916
MTR-1002,2026-06-04T10:00:00Z,682.421
MTR-1002,2026-06-04T10:30:00Z,587.013
MTR-1002,2026-06-04T11:00:00Z,649.713
MTR-1002,2026-06-04T11:30:00Z,679.368
MTR-1002,2026-06-04T12:00:00Z,624.089
MTR-1002,2026-06-04T12:30:00Z,623.170
MTR-1002,2026-06-04T13:00:00Z,719.678
MTR-1002,2026-06-04T13:30:00Z,579.863
MTR-1002,2026-06-04T14:00:00Z,633.060
MTR-1002,2026-06-04T14:30:00Z,689.180
MTR-1002,2026-06-04T15:00:00Z,627.009
MTR-1002,2026-06-04T15:30:00Z,388.716
MTR-1002,2026-06-04T16:00:00Z,337.861
MTR-1002,2026-06-04T16:30:00Z,365.773
MTR-1002,2026-06-04T17:00:00Z,363.520
MTR-1002,2026-06-04T17:30:00Z,342.976
MTR-1002,2026-06-04T18:00:00Z,396.510
MTR-1002,2026-06-04T18:30:00Z,195.991
MTR-1002,2026-06-04T19:00:00Z,192.676
MTR-1002,2026-06-04T19:30:00Z,193.432
MTR-1002,2026-06-04T20:00:00Z,189.949
MTR-1002,2026-06-04T20:30:00Z,191.611
MTR-1002,2026-06-04T21:00:00Z,192.943
MTR-1002,2026-06-04T21:30:00Z,186.209
MTR-1002,2026-06-04T22:00:00Z,209.345
MTR-1002,2026-06-04T22:30:00Z,178.277
MTR-1002,2026-06-04T22:30:00Z,178.277
MTR-1002,2026-06-04T23:00:00Z,198.683
MTR-1002,2026-06-04T23:00:00Z,198.683
MTR-1002,2026-06-04T23:30:00Z,179.565
MTR-1002,2026-06-04T23:30:00Z,179.565
MTR-1002,2026-06-05T00:00:00Z,177.133
MTR-1002,2026-06-05T00:00:00Z,177.133
MTR-1002,2026-06-05T00:30:00Z,187.332
MTR-1002,2026-06-05T01:00:00Z,185.594
MTR-1002,2026-06-05T01:30:00Z,191.004
MTR-1002,2026-06-05T02:00:00Z,185.607
MTR-1002,2026-06-05T02:30:00Z,189.165
MTR-1002,2026-06-05T03:00:00Z,194.530
MTR-1002,2026-06-05T03:30:00Z,208.385
MTR-1002,2026-06-05T04:00:00Z,190.565
MTR-1002,2026-06-05T04:30:00Z,441.287
MTR-1002,2026-06-05T05:00:00Z,428.173
MTR-1002,2026-06-05T05:30:00Z,507.401
MTR-1002,2026-06-05T06:00:00Z,553.328
MTR-1002,2026-06-05T06:30:00Z,656.351
MTR-1002,2026-06-05T07:00:00Z,654.698
MTR-1002,2026-06-05T07:30:00Z,655.476
MTR-1002,2026-06-05T08:00:00Z,704.754
MTR-1002,2026-06-05T08:30:00Z,618.383
MTR-1002,2026-06-05T09:00:00Z,576.000
MTR-1002,2026-06-05T09:30:00Z,661.047
MTR-1002,2026-06-05T10:00:00Z,659.949
MTR-1002,2026-06-05T10:30:00Z,657.977
MTR-1002,2026-06-05T11:00:00Z,659.543
MTR-1002,2026-06-05T11:30:00Z,659.568
MTR-1002,2026-06-05T12:00:00Z,595.677
MTR-1002,2026-06-05T12:30:00Z,683.539
MTR-1002,2026-06-05T13:00:00Z,585.541
MTR-1002,2026-06-05T13:30:00Z,711.074
MTR-1002,2026-06-05T14:00:00Z,635.861
MTR-1002,2026-06-05T14:30:00Z,662.275
MTR-1002,2026-06-05T15:00:00Z,640.660
MTR-1002,2026-06-05T15:30:00Z,408.666
MTR-1002,2026-06-05T16:00:00Z,375.913
MTR-1002,2026-06-05T16:30:00Z,382.525
MTR-1002,2026-06-05T17:00:00Z,362.437
MTR-1002,2026-06-05T17:30:00Z,390.427
MTR-1002,2026-06-05T18:00:00Z,376.754
MTR-1002,2026-06-05T18:30:00Z,194.939
MTR-1002,2026-06-05T19:00:00Z,176.551
MTR-1002,2026-06-05T19:30:00Z,182.464
MTR-1002,2026-06-05T20:00:00Z,174.188
MTR-1002,2026-06-05T20:30:00Z,204.345
MTR-1002,2026-06-05T21:00:00Z,215.597
MTR-1002,2026-06-05T21:30:00Z,198.922
MTR-1002,2026-06-05T22:00:00Z,213.507
MTR-1002,2026-06-05T22:30:00Z,92.709
MTR-1002,2026-06-05T23:00:00Z,95.402
MTR-1002,2026-06-05T23:30:00Z,90.895
MTR-1002,2026-06-06T00:00:00Z,93.447
MTR-1002,2026-06-06T00:30:00Z,97.878
MTR-1002,2026-06-06T01:00:00Z,92.173
MTR-1002,2026-06-06T01:30:00Z,100.149
MTR-1002,2026-06-06T02:00:00Z,92.056
MTR-1002,2026-06-06T02:30:00Z,98.783
MTR-1002,2026-06-06T03:00:00Z,94.719
MTR-1002,2026-06-06T03:30:00Z,85.841
MTR-1002,2026-06-06T04:00:00Z,94.236
MTR-1002,2026-06-06T04:30:00Z,236.419
MTR-1002,2026-06-06T05:00:00Z,242.601
MTR-1002,2026-06-06T05:30:00Z,239.920
MTR-1002,2026-06-06T06:00:00Z,250.036
MTR-1002,2026-06-06T06:30:00Z,307.812
MTR-1002,2026-06-06T07:00:00Z,341.503
MTR-1002,2026-06-06T07:30:00Z,324.419
MTR-1002,2026-06-06T08:00:00Z,330.190
MTR-1002,2026-06-06T08:30:00Z,318.356
MTR-1002,2026-06-06T09:00:00Z,329.381
MTR-1002,2026-06-06T09:30:00Z,322.045
MTR-1002,2026-06-06T10:00:00Z,298.451
MTR-1002,2026-06-06T10:30:00Z,314.256
MTR-1002,2026-06-06T11:00:00Z,314.385
MTR-1002,2026-06-06T11:30:00Z,319.238
MTR-1002,2026-06-06T12:00:00Z,299.388
MTR-1002,2026-06-06T12:30:00Z,271.757
MTR-1002,2026-06-06T13:00:00Z,311.622
MTR-1002,2026-06-06T13:30:00Z,313.938
MTR-1002,2026-06-06T14:00:00Z,322.279
MTR-1002,2026-06-06T14:30:00Z,357.893
MTR-1002,2026-06-06T15:00:00Z,333.317
MTR-1002,2026-06-06T15:30:00Z,197.888
MTR-1002,2026-06-06T16:00:00Z,186.538
MTR-1002,2026-06-06T16:30:00Z,170.541
MTR-1002,2026-06-06T17:00:00Z,197.115
MTR-1002,2026-06-06T17:30:00Z,195.748
MTR-1002,2026-06-06T18:00:00Z,203.902
MTR-1002,2026-06-06T18:30:00Z,90.996
MTR-1002,2026-06-06T19:00:00Z,96.677
MTR-1002,2026-06-06T19:30:00Z,98.563
MTR-1002,2026-06-06T20:00:00Z,90.673
MTR-1002,2026-06-06T20:30:00Z,99.192
MTR-1002,2026-06-06T21:00:00Z,98.530
MTR-1002,2026-06-06T21:30:00Z,98.434
MTR-1002,2026-06-06T22:00:00Z,88.954
MTR-1002,2026-06-06T22:30:00Z,92.459
MTR-1002,2026-06-06T23:00:00Z,92.944
MTR-1002,2026-06-06T23:30:00Z,93.086
MTR-1002,2026-06-07T00:00:00Z,89.324
MTR-1002,2026-06-07T00:30:00Z,91.784
MTR-1002,2026-06-07T01:00:00Z,83.076
MTR-1002,2026-06-07T01:30:00Z,103.691
MTR-1002,2026-06-07T02:00:00Z,102.306
MTR-1002,2026-06-07T02:30:00Z,94.809
MTR-1002,2026-06-07T03:00:00Z,92.304
MTR-1002,2026-06-07T03:30:00Z,95.525
MTR-1002,2026-06-07T04:00:00Z,107.080
MTR-1002,2026-06-07T04:30:00Z,251.737
MTR-1002,2026-06-07T05:00:00Z,232.372
MTR-1002,2026-06-07T05:30:00Z,260.428
MTR-1002,2026-06-07T06:00:00Z,248.700
MTR-1002,2026-06-07T06:30:00Z,316.575
MTR-1002,2026-06-07T07:00:00Z,302.919
MTR-1002,2026-06-07T07:30:00Z,291.080
MTR-1002,2026-06-07T08:00:00Z,351.608
MTR-1002,2026-06-07T08:30:00Z,314.178
MTR-1002,2026-06-07T09:00:00Z,329.492
MTR-1002,2026-06-07T09:30:00Z,308.834
MTR-1002,2026-06-07T10:00:00Z,323.550
MTR-1002,2026-06-07T10:30:00Z,342.207
MTR-1002,2026-06-07T11:00:00Z,312.733
MTR-1002,2026-06-07T11:30:00Z,320.989
MTR-1002,2026-06-07T12:00:00Z,339.335
MTR-1002,2026-06-07T12:30:00Z,302.569
MTR-1002,2026-06-07T13:00:00Z,322.926
MTR-1002,2026-06-07T13:30:00Z,321.390
MTR-1002,2026-06-07T14:00:00Z,319.885
MTR-1002,2026-06-07T14:30:00Z,318.929
MTR-1002,2026-06-07T15:00:00Z,289.801
MTR-1002,2026-06-07T15:30:00Z,186.133
MTR-1002,2026-06-07T16:00:00Z,201.881
MTR-1002,2026-06-07T16:30:00Z,194.655
MTR-1002,2026-06-07T17:00:00Z,207.524
MTR-1002,2026-06-07T17:30:00Z,196.954
MTR-1002,2026-06-07T18:00:00Z,199.072
MTR-1002,2026-06-07T18:30:00Z,91.837
MTR-1002,2026-06-07T19:00:00Z,95.940
MTR-1002,2026-06-07T19:30:00Z,110.753
MTR-1002,2026-06-07T20:00:00Z,94.718
MTR-1002,2026-06-07T20:30:00Z,92.488
MTR-1002,2026-06-07T21:00:00Z,95.094
MTR-1002,2026-06-07T21:30:00Z,105.298
MTR-1002,2026-06-07T22:00:00Z,86.111
MTR-1002,2026-06-07T22:30:00Z,192.039
MTR-1002,2026-06-07T23:00:00Z,195.969
MTR-1002,2026-06-07T23:30:00Z,178.366
MTR-1002,2026-06-08T00:00:00Z,191.427
MTR-1002,2026-06-08T00:30:00Z,189.871
MTR-1002,2026-06-08T01:00:00Z,192.317
MTR-1002,2026-06-08T01:30:00Z,187.581
MTR-1002,2026-06-08T02:00:00Z,186.225
MTR-1002,2026-06-08T02:30:00Z,210.958
MTR-1002,2026-06-08T03:00:00Z,207.384
MTR-1002,2026-06-08T03:30:00Z,180.511
MTR-1002,2026-06-08T04:00:00Z,187.832
MTR-1002,2026-06-08T04:30:00Z,478.833
MTR-1002,2026-06-08T05:00:00Z,504.817
MTR-1002,2026-06-08T05:30:00Z,487.337
MTR-1002,2026-06-08T06:00:00Z,505.790
MTR-1002,2026-06-08T06:30:00Z,634.824
MTR-1002,2026-06-08T07:00:00Z,578.393
MTR-1002,2026-06-08T07:30:00Z,575.244
MTR-1002,2026-06-08T08:00:00Z,700.244
MTR-1002,2026-06-08T08:30:00Z,633.423
MTR-1002,2026-06-08T08:30:00Z,1140.161
MTR-1002,2026-06-08T09:00:00Z,611.132
MTR-1002,2026-06-08T09:30:00Z,704.843
MTR-1002,2026-06-08T10:00:00Z,635.598
MTR-1002,2026-06-08T10:30:00Z,572.776
MTR-1002,2026-06-08T11:00:00Z,618.432
MTR-1002,2026-06-08T11:30:00Z,589.375
MTR-1002,2026-06-08T12:00:00Z,601.963
MTR-1002,2026-06-08T12:30:00Z,591.195
MTR-1002,2026-06-08T13:00:00Z,649.436
MTR-1002,2026-06-08T13:30:00Z,642.404
MTR-1002,2026-06-08T14:00:00Z,677.468
MTR-1002,2026-06-08T14:30:00Z,543.733
MTR-1002,2026-06-08T15:00:00Z,637.775
MTR-1002,2026-06-08T15:30:00Z,393.753
MTR-1002,2026-06-08T16:00:00Z,393.939
MTR-1002,2026-06-08T16:30:00Z,410.314
MTR-1002,2026-06-08T17:00:00Z,348.877
MTR-1002,2026-06-08T17:30:00Z,367.386
MTR-1002,2026-06-08T18:00:00Z,407.543
MTR-1002,2026-06-08T18:30:00Z,182.820
MTR-1002,2026-06-08T19:00:00Z,195.054
MTR-1002,2026-06-08T19:30:00Z,186.128
MTR-1002,2026-06-08T20:00:00Z,189.240
MTR-1002,2026-06-08T20:30:00Z,182.698
MTR-1002,2026-06-08T21:00:00Z,188.675
MTR-1002,2026-06-08T21:30:00Z,210.811
MTR-1002,2026-06-08T22:00:00Z,174.719
MTR-1002,2026-06-08T22:30:00Z,191.535
MTR-1002,2026-06-08T23:00:00Z,201.533
MTR-1002,2026-06-08T23:30:00Z,208.258
MTR-1002,2026-06-09T00:00:00Z,183.549
MTR-1002,2026-06-09T00:30:00Z,182.945
MTR-1002,2026-06-09T01:00:00Z,198.625
MTR-1002,2026-06-09T01:30:00Z,178.704
MTR-1002,2026-06-09T02:00:00Z,187.496
MTR-1002,2026-06-09T02:30:00Z,175.598
MTR-1002,2026-06-09T03:00:00Z,185.718
MTR-1002,2026-06-09T03:30:00Z,212.311
MTR-1002,2026-06-09T04:00:00Z,197.700
MTR-1002,2026-06-09T04:30:00Z,520.023
MTR-1002,2026-06-09T05:00:00Z,433.335
MTR-1002,2026-06-09T05:30:00Z,476.945
MTR-1002,2026-06-09T06:00:00Z,447.086
MTR-1002,2026-06-09T06:30:00Z,691.800
MTR-1002,2026-06-09T07:00:00Z,699.796
MTR-1002,2026-06-09T07:30:00Z,577.755
MTR-1002,2026-06-09T08:00:00Z,569.211
MTR-1002,2026-06-09T08:30:00Z,656.171
MTR-1002,2026-06-09T09:00:00Z,616.669
MTR-1002,2026-06-09T09:30:00Z,615.146
MTR-1002,2026-06-09T10:00:00Z,639.568
MTR-1002,2026-06-09T10:30:00Z,627.179
MTR-1002,2026-06-09T11:00:00Z,607.090
MTR-1002,2026-06-09T11:30:00Z,613.528
MTR-1002,2026-06-09T12:00:00Z,631.393
MTR-1002,2026-06-09T12:30:00Z,659.097
MTR-1002,2026-06-09T13:00:00Z,586.194
MTR-1002,2026-06-09T13:30:00Z,643.685
MTR-1002,2026-06-09T14:00:00Z,693.382
MTR-1002,2026-06-09T14:30:00Z,590.441
MTR-1002,2026-06-09T15:00:00Z,620.161
MTR-1002,2026-06-09T15:30:00Z,378.423
MTR-1002,2026-06-09T16:00:00Z,399.181
MTR-1002,2026-06-09T16:30:00Z,409.626
MTR-1002,2026-06-09T17:00:00Z,369.451
MTR-1002,2026-06-09T17:30:00Z,387.731
MTR-1002,2026-06-09T18:00:00Z,357.885
MTR-1002,2026-06-09T18:30:00Z,183.581
MTR-1002,2026-06-09T19:00:00Z,186.403
MTR-1002,2026-06-09T19:30:00Z,201.232
MTR-1002,2026-06-09T20:00:00Z,203.688
MTR-1002,2026-06-09T20:30:00Z,201.769
MTR-1002,2026-06-09T21:00:00Z,194.635
MTR-1002,2026-06-09T21:30:00Z,197.039
MTR-1002,2026-06-09T22:00:00Z,203.050
MTR-1002,2026-06-09T22:30:00Z,205.964
MTR-1002,2026-06-09T23:00:00Z,180.402
MTR-1002,2026-06-09T23:30:00Z,190.447
MTR-1002,2026-06-10T00:00:00Z,188.950
MTR-1002,2026-06-10T00:30:00Z,196.345
MTR-1002,2026-06-10T01:00:00Z,198.525
MTR-1002,2026-06-10T01:30:00Z,206.716
MTR-1002,2026-06-10T02:00:00Z,206.022
MTR-1002,2026-06-10T02:30:00Z,186.959
MTR-1002,2026-06-10T03:00:00Z,193.367
MTR-1002,2026-06-10T03:30:00Z,197.973
MTR-1002,2026-06-10T04:00:00Z,202.278
MTR-1002,2026-06-10T04:30:00Z,467.836
MTR-1002,2026-06-10T05:00:00Z,459.086
MTR-1002,2026-06-10T05:30:00Z,422.969
MTR-1002,2026-06-10T06:00:00Z,442.584
MTR-1002,2026-06-10T06:30:00Z,662.289
MTR-1002,2026-06-10T07:00:00Z,625.139
MTR-1002,2026-06-10T07:30:00Z,646.965
MTR-1002,2026-06-10T08:00:00Z,636.726
MTR-1002,2026-06-10T08:30:00Z,649.922
MTR-1002,2026-06-10T09:00:00Z,674.757
MTR-1002,2026-06-10T09:30:00Z,642.041
MTR-1002,2026-06-10T10:00:00Z,652.526
MTR-1002,2026-06-10T10:30:00Z,658.242
MTR-1002,2026-06-10T11:00:00Z,679.809
MTR-1002,2026-06-10T11:30:00Z,634.121
MTR-1002,2026-06-10T12:00:00Z,645.598
MTR-1002,2026-06-10T12:30:00Z,684.396
MTR-1002,2026-06-10T13:00:00Z,624.019
MTR-1002,2026-06-10T13:30:00Z,626.480
MTR-1002,2026-06-10T14:00:00Z,685.492
MTR-1002,2026-06-10T14:30:00Z,671.701
MTR-1002,2026-06-10T15:00:00Z,647.718
MTR-1002,2026-06-10T15:30:00Z,410.909
MTR-1002,2026-06-10T16:00:00Z,370.949
MTR-1002,2026-06-10T16:30:00Z,398.431
MTR-1002,2026-06-10T17:00:00Z,425.902
MTR-1002,2026-06-10T17:30:00Z,397.013
MTR-1002,2026-06-10T18:00:00Z,380.589
MTR-1002,2026-06-10T18:30:00Z,185.120
MTR-1002,2026-06-10T19:00:00Z,185.768
MTR-1002,2026-06-10T19:30:00Z,194.507
MTR-1002,2026-06-10T20:00:00Z,195.844
MTR-1002,2026-06-10T20:30:00Z,215.284
MTR-1002,2026-06-10T21:00:00Z,198.461
MTR-1002,2026-06-10T21:30:00Z,181.880
MTR-1002,2026-06-10T22:00:00Z,185.787
MTR-1002,2026-06-10T22:30:00Z,183.446
MTR-1002,2026-06-10T23:00:00Z,186.900
MTR-1002,2026-06-10T23:30:00Z,188.438
MTR-1002,2026-06-11T00:00:00Z,186.250
MTR-1002,2026-06-11T00:30:00Z,186.153
MTR-1002,2026-06-11T01:00:00Z,191.002
MTR-1002,2026-06-11T01:30:00Z,201.064
MTR-1002,2026-06-11T02:00:00Z,190.137
MTR-1002,2026-06-11T02:30:00Z,177.287
MTR-1002,2026-06-11T03:00:00Z,181.506
MTR-1002,2026-06-11T03:30:00Z,191.320
MTR-1002,2026-06-11T04:00:00Z,190.755
MTR-1002,2026-06-11T04:30:00Z,496.692
MTR-1002,2026-06-11T05:00:00Z,451.081
MTR-1002,2026-06-11T05:30:00Z,456.656
MTR-1002,2026-06-11T06:00:00Z,476.940
MTR-1002,2026-06-11T06:30:00Z,655.172
MTR-1002,2026-06-11T07:00:00Z,654.901
MTR-1002,2026-06-11T07:30:00Z,584.378
MTR-1002,2026-06-11T08:00:00Z,581.527
MTR-1002,2026-06-11T08:30:00Z,701.022
MTR-1002,2026-06-11T09:00:00Z,622.690
MTR-1002,2026-06-11T09:30:00Z,652.683
MTR-1002,2026-06-11T10:00:00Z,712.035
MTR-1002,2026-06-11T10:30:00Z,629.478
MTR-1002,2026-06-11T11:00:00Z,647.654
MTR-1002,2026-06-11T11:30:00Z,643.162
MTR-1002,2026-06-11T12:00:00Z,604.312
MTR-1002,2026-06-11T12:30:00Z,598.843
MTR-1002,2026-06-11T13:00:00Z,665.841
MTR-1002,2026-06-11T13:30:00Z,629.914
MTR-1002,2026-06-11T14:00:00Z,664.549
MTR-1002,2026-06-11T14:30:00Z,645.936
MTR-1002,2026-06-11T15:00:00Z,637.702
MTR-1002,2026-06-11T15:30:00Z,389.200
MTR-1002,2026-06-11T16:00:00Z,324.838
MTR-1002,2026-06-11T16:30:00Z,398.840
MTR-1002,2026-06-11T17:00:00Z,409.991
MTR-1002,2026-06-11T17:30:00Z,400.367
MTR-1002,2026-06-11T18:00:00Z,342.754
MTR-1002,2026-06-11T18:30:00Z,210.325
MTR-1002,2026-06-11T19:00:00Z,186.699
MTR-1002,2026-06-11T19:30:00Z,193.048
MTR-1002,2026-06-11T20:00:00Z,211.188
MTR-1002,2026-06-11T20:30:00Z,173.326
MTR-1002,2026-06-11T21:00:00Z,194.396
MTR-1002,2026-06-11T21:30:00Z,178.798
MTR-1002,2026-06-11T22:00:00Z,191.648
MTR-1002,2026-06-11T22:30:00Z,184.268
MTR-1002,2026-06-11T23:00:00Z,180.278
MTR-1002,2026-06-11T23:30:00Z,177.741
MTR-1002,2026-06-12T00:00:00Z,211.413
MTR-1002,2026-06-12T00:30:00Z,192.619
MTR-1002,2026-06-12T01:00:00Z,199.021
MTR-1002,2026-06-12T01:30:00Z,179.841
MTR-1002,2026-06-12T02:00:00Z,217.231
MTR-1002,2026-06-12T02:30:00Z,184.994
MTR-1002,2026-06-12T03:00:00Z,181.909
MTR-1002,2026-06-12T03:30:00Z,199.905
MTR-1002,2026-06-12T04:00:00Z,182.003
MTR-1002,2026-06-12T04:30:00Z,521.341
MTR-1002,2026-06-12T05:00:00Z,490.448
MTR-1002,2026-06-12T05:30:00Z,484.095
MTR-1002,2026-06-12T06:00:00Z,448.017
MTR-1002,2026-06-12T06:30:00Z,590.662
MTR-1002,2026-06-12T07:00:00Z,640.814
MTR-1002,2026-06-12T07:30:00Z,629.491
MTR-1002,2026-06-12T08:00:00Z,665.437
MTR-1002,2026-06-12T08:30:00Z,646.626
MTR-1002,2026-06-12T09:00:00Z,614.482
MTR-1002,2026-06-12T09:30:00Z,637.297
MTR-1002,2026-06-12T10:00:00Z,686.031
MTR-1002,2026-06-12T10:30:00Z,580.283
MTR-1002,2026-06-12T11:00:00Z,624.885
MTR-1002,2026-06-12T11:30:00Z,669.575
MTR-1002,2026-06-12T12:00:00Z,693.099
MTR-1002,2026-06-12T12:30:00Z,620.149
MTR-1002,2026-06-12T13:00:00Z,690.496
MTR-1002,2026-06-12T13:30:00Z,688.963
MTR-1002,2026-06-12T14:00:00Z,678.517
MTR-1002,2026-06-12T14:30:00Z,631.103
MTR-1002,2026-06-12T15:00:00Z,618.521
MTR-1002,2026-06-12T15:30:00Z,386.320
MTR-1002,2026-06-12T16:00:00Z,409.304
MTR-1002,2026-06-12T16:30:00Z,360.171
MTR-1002,2026-06-12T17:00:00Z,380.380
MTR-1002,2026-06-12T17:30:00Z,363.470
MTR-1002,2026-06-12T18:00:00Z,386.984
MTR-1002,2026-06-12T18:30:00Z,190.928
MTR-1002,2026-06-12T19:00:00Z,199.850
MTR-1002,2026-06-12T19:30:00Z,170.879
MTR-1002,2026-06-12T20:00:00Z,191.413
MTR-1002,2026-06-12T20:30:00Z,177.484
MTR-1002,2026-06-12T21:00:00Z,206.991
MTR-1002,2026-06-12T21:30:00Z,208.652
MTR-1002,2026-06-12T22:00:00Z,203.883
MTR-1002,2026-06-12T22:30:00Z,92.554
MTR-1002,2026-06-12T23:00:00Z,95.986
MTR-1002,2026-06-12T23:30:00Z,102.242
MTR-1002,2026-06-13T00:00:00Z,97.043
MTR-1002,2026-06-13T00:30:00Z,97.800
MTR-1002,2026-06-13T01:00:00Z,93.161
MTR-1002,2026-06-13T01:30:00Z,90.542
MTR-1002,2026-06-13T02:00:00Z,86.057
MTR-1002,2026-06-13T02:30:00Z,95.565
MTR-1002,2026-06-13T03:00:00Z,105.784
MTR-1002,2026-06-13T03:30:00Z,92.217
MTR-1002,2026-06-13T04:00:00Z,94.642
MTR-1002,2026-06-13T04:30:00Z,251.870
MTR-1002,2026-06-13T05:00:00Z,242.445
MTR-1002,2026-06-13T05:30:00Z,269.408
MTR-1002,2026-06-13T06:00:00Z,221.204
MTR-1002,2026-06-13T06:30:00Z,297.968
MTR-1002,2026-06-13T07:00:00Z,325.666
MTR-1002,2026-06-13T07:30:00Z,332.405
MTR-1002,2026-06-13T08:00:00Z,342.463
MTR-1002,2026-06-13T08:30:00Z,339.270
MTR-1002,2026-06-13T09:00:00Z,253.266
MTR-1002,2026-06-13T09:30:00Z,334.875
MTR-1002,2026-06-13T10:00:00Z,313.378
MTR-1002,2026-06-13T10:30:00Z,279.125
MTR-1002,2026-06-13T11:00:00Z,355.135
MTR-1002,2026-06-13T11:30:00Z,300.815
MTR-1002,2026-06-13T12:00:00Z,323.208
MTR-1002,2026-06-13T12:30:00Z,303.559
MTR-1002,2026-06-13T13:00:00Z,314.673
MTR-1002,2026-06-13T13:30:00Z,326.359
MTR-1002,2026-06-13T14:00:00Z,308.533
MTR-1002,2026-06-13T14:30:00Z,335.909
MTR-1002,2026-06-13T15:00:00Z,299.044
MTR-1002,2026-06-13T15:30:00Z,182.793
MTR-1002,2026-06-13T16:00:00Z,193.626
MTR-1002,2026-06-13T16:30:00Z,196.780
MTR-1002,2026-06-13T17:00:00Z,219.932
MTR-1002,2026-06-13T17:30:00Z,175.417
MTR-1002,2026-06-13T18:00:00Z,190.798
MTR-1002,2026-06-13T18:30:00Z,88.132
MTR-1002,2026-06-13T19:00:00Z,94.331
MTR-1002,2026-06-13T19:30:00Z,88.226
MTR-1002,2026-06-13T20:00:00Z,98.373
MTR-1002,2026-06-13T20:30:00Z,94.833
MTR-1002,2026-06-13T21:00:00Z,89.558
MTR-1002,2026-06-13T21:30:00Z,84.394
MTR-1002,2026-06-13T22:00:00Z,100.196
MTR-1002,2026-06-13T22:30:00Z,93.190
MTR-1002,2026-06-13T23:00:00Z,97.382
MTR-1002,2026-06-13T23:30:00Z,94.338
MTR-1002,2026-06-14T00:00:00Z,94.185
MTR-1002,2026-06-14T00:30:00Z,93.396
MTR-1002,2026-06-14T01:00:00Z,98.802
MTR-1002,2026-06-14T01:30:00Z,102.597
MTR-1002,2026-06-14T02:00:00Z,95.737
MTR-1002,2026-06-14T02:30:00Z,101.620
MTR-1002,2026-06-14T03:00:00Z,100.211
MTR-1002,2026-06-14T03:30:00Z,99.730
MTR-1002,2026-06-14T04:00:00Z,100.763
MTR-1002,2026-06-14T04:30:00Z,238.267
MTR-1002,2026-06-14T05:00:00Z,246.791
MTR-1002,2026-06-14T05:30:00Z,230.552
MTR-1002,2026-06-14T06:00:00Z,244.784
MTR-1002,2026-06-14T06:30:00Z,346.523
MTR-1002,2026-06-14T07:00:00Z,302.784
MTR-1002,2026-06-14T07:30:00Z,316.774
MTR-1002,2026-06-14T08:00:00Z,299.840
MTR-1002,2026-06-14T08:30:00Z,311.879
MTR-1002,2026-06-14T09:00:00Z,284.534
MTR-1002,2026-06-14T09:30:00Z,322.907
MTR-1002,2026-06-14T10:00:00Z,309.555
MTR-1002,2026-06-14T10:30:00Z,336.281
MTR-1002,2026-06-14T11:00:00Z,308.900
MTR-1002,2026-06-14T11:30:00Z,347.793
MTR-1002,2026-06-14T12:00:00Z,310.713
MTR-1002,2026-06-14T12:30:00Z,294.255
MTR-1002,2026-06-14T13:00:00Z,308.985
MTR-1002,2026-06-14T13:30:00Z,307.853
MTR-1002,2026-06-14T14:00:00Z,315.177
MTR-1002,2026-06-14T14:30:00Z,316.127
MTR-1002,2026-06-14T15:00:00Z,338.192
MTR-1002,2026-06-14T15:30:00Z,179.667
MTR-1002,2026-06-14T16:00:00Z,190.022
MTR-1002,2026-06-14T16:30:00Z,186.497
MTR-1002,2026-06-14T17:00:00Z,201.733
MTR-1002,2026-06-14T17:30:00Z,185.820
MTR-1002,2026-06-14T18:00:00Z,189.481
MTR-1002,2026-06-14T18:30:00Z,97.097
MTR-1002,2026-06-14T19:00:00Z,94.723
MTR-1002,2026-06-14T19:30:00Z,94.631
MTR-1002,2026-06-14T20:00:00Z,90.912
MTR-1002,2026-06-14T20:30:00Z,99.065
MTR-1002,2026-06-14T21:00:00Z,99.144
MTR-1002,2026-06-14T21:30:00Z,86.732
MTR-1002,2026-06-14T22:00:00Z,92.923
MTR-1002,2026-06-14T22:30:00Z,198.926
MTR-1002,2026-06-14T23:00:00Z,185.742
MTR-1002,2026-06-14T23:30:00Z,201.358
MTR-1002,2026-06-15T00:00:00Z,213.618
MTR-1002,2026-06-15T00:30:00Z,183.239
MTR-1002,2026-06-15T01:00:00Z,199.845
MTR-1002,2026-06-15T01:30:00Z,212.373
MTR-1002,2026-06-15T02:00:00Z,211.797
MTR-1002,2026-06-15T02:30:00Z,176.820
MTR-1002,2026-06-15T03:00:00Z,187.904
MTR-1002,2026-06-15T03:30:00Z,198.465
MTR-1002,2026-06-15T04:00:00Z,179.161
MTR-1002,2026-06-15T04:30:00Z,453.027
MTR-1002,2026-06-15T05:00:00Z,495.706
MTR-1002,2026-06-15T05:30:00Z,449.071
MTR-1002,2026-06-15T06:00:00Z,474.541
MTR-1002,2026-06-15T06:30:00Z,623.585
MTR-1002,2026-06-15T07:00:00Z,585.680
MTR-1002,2026-06-15T07:30:00Z,637.326
MTR-1002,2026-06-15T08:00:00Z,656.363
MTR-1002,2026-06-15T08:30:00Z,624.476
MTR-1002,2026-06-15T09:00:00Z,644.949
MTR-1002,2026-06-15T09:30:00Z,616.317
MTR-1002,2026-06-15T10:00:00Z,697.662
MTR-1002,2026-06-15T10:30:00Z,625.895
MTR-1002,2026-06-15T11:00:00Z,673.051
MTR-1002,2026-06-15T11:30:00Z,683.084
MTR-1002,2026-06-15T12:00:00Z,657.017
MTR-1002,2026-06-15T12:30:00Z,649.994
MTR-1002,2026-06-15T13:00:00Z,660.828
MTR-1002,2026-06-15T13:30:00Z,590.505
MTR-1002,2026-06-15T14:00:00Z,627.800
MTR-1002,2026-06-15T14:30:00Z,602.951
MTR-1002,2026-06-15T15:00:00Z,656.220
MTR-1002,2026-06-15T15:30:00Z,374.489
MTR-1002,2026-06-15T16:00:00Z,340.606
MTR-1002,2026-06-15T16:30:00Z,373.839
MTR-1002,2026-06-15T17:00:00Z,398.223
MTR-1002,2026-06-15T17:30:00Z,374.294
MTR-1002,2026-06-15T18:00:00Z,434.213
MTR-1002,2026-06-15T18:30:00Z,191.740
MTR-1002,2026-06-15T19:00:00Z,182.704
MTR-1002,2026-06-15T19:30:00Z,159.848
MTR-1002,2026-06-15T20:00:00Z,187.347
MTR-1002,2026-06-15T20:30:00Z,193.261
MTR-1002,2026-06-15T21:00:00Z,187.876
MTR-1002,2026-06-15T21:30:00Z,169.688
MTR-1002,2026-06-15T22:00:00Z,167.374
MTR-1002,2026-06-15T22:30:00Z,192.922
MTR-1002,2026-06-15T23:00:00Z,190.831
MTR-1002,2026-06-15T23:30:00Z,192.485
MTR-1002,2026-06-16T00:00:00Z,197.908
MTR-1002,2026-06-16T00:30:00Z,184.618
MTR-1002,2026-06-16T01:00:00Z,188.218
MTR-1002,2026-06-16T01:30:00Z,190.631
MTR-1002,2026-06-16T02:00:00Z,191.962
MTR-1002,2026-06-16T02:30:00Z,181.356
MTR-1002,2026-06-16T03:00:00Z,203.838
MTR-1002,2026-06-16T03:30:00Z,185.898
MTR-1002,2026-06-16T04:00:00Z,199.969
MTR-1002,2026-06-16T04:30:00Z,470.416
MTR-1002,2026-06-16T05:00:00Z,508.638
MTR-1002,2026-06-16T05:30:00Z,514.422
MTR-1002,2026-06-16T06:00:00Z,460.072
MTR-1002,2026-06-16T06:30:00Z,595.717
MTR-1002,2026-06-16T07:00:00Z,594.280
MTR-1002,2026-06-16T07:30:00Z,578.625
MTR-1002,2026-06-16T08:00:00Z,707.019
MTR-1002,2026-06-16T08:30:00Z,667.961
MTR-1002,2026-06-16T09:00:00Z,610.778
MTR-1002,2026-06-16T09:30:00Z,635.458
MTR-1002,2026-06-16T10:00:00Z,614.302
MTR-1002,2026-06-16T10:30:00Z,643.499
MTR-1002,2026-06-16T11:00:00Z,703.445
MTR-1002,2026-06-16T11:30:00Z,686.762
MTR-1002,2026-06-16T12:00:00Z,651.185
MTR-1002,2026-06-16T12:30:00Z,581.564
MTR-1002,2026-06-16T13:00:00Z,559.979
MTR-1002,2026-06-16T13:30:00Z,602.163
MTR-1002,2026-06-16T14:00:00Z,641.105
MTR-1002,2026-06-16T14:30:00Z,661.205
MTR-1002,2026-06-16T15:00:00Z,675.065
MTR-1002,2026-06-16T15:30:00Z,396.741
MTR-1002,2026-06-16T16:00:00Z,387.987
MTR-1002,2026-06-16T16:30:00Z,339.675
MTR-1002,2026-06-16T17:00:00Z,387.528
MTR-1002,2026-06-16T17:30:00Z,431.767
MTR-1002,2026-06-16T18:00:00Z,340.149
MTR-1002,2026-06-16T18:30:00Z,198.756
MTR-1002,2026-06-16T19:00:00Z,195.109
MTR-1002,2026-06-16T19:30:00Z,195.963
MTR-1002,2026-06-16T20:00:00Z,207.070
MTR-1002,2026-06-16T20:30:00Z,188.586
MTR-1002,2026-06-16T21:00:00Z,200.640
MTR-1002,2026-06-16T21:30:00Z,198.185
MTR-1002,2026-06-16T22:00:00Z,187.028
MTR-1002,2026-06-16T22:30:00Z,205.379
MTR-1002,2026-06-16T23:00:00Z,177.548
MTR-1002,2026-06-16T23:30:00Z,202.714
MTR-1002,2026-06-17T00:00:00Z,186.983
MTR-1002,2026-06-17T00:30:00Z,184.030
MTR-1002,2026-06-17T01:00:00Z,192.640
MTR-1002,2026-06-17T01:30:00Z,189.711
MTR-1002,2026-06-17T02:00:00Z,199.231
MTR-1002,2026-06-17T02:30:00Z,209.398
MTR-1002,2026-06-17T03:00:00Z,188.914
MTR-1002,2026-06-17T03:30:00Z,196.636
MTR-1002,2026-06-17T04:00:00Z,206.468
MTR-1002,2026-06-17T04:30:00Z,427.189
MTR-1002,2026-06-17T05:00:00Z,438.559
MTR-1002,2026-06-17T05:30:00Z,447.131
MTR-1002,2026-06-17T06:00:00Z,497.888
MTR-1002,2026-06-17T06:30:00Z,630.635
MTR-1002,2026-06-17T07:00:00Z,630.234
MTR-1002,2026-06-17T07:30:00Z,599.042
MTR-1002,2026-06-17T08:00:00Z,587.477
MTR-1002,2026-06-17T08:30:00Z,713.167
MTR-1002,2026-06-17T09:00:00Z,628.439
MTR-1002,2026-06-17T09:30:00Z,556.653
MTR-1002,2026-06-17T10:00:00Z,586.931
MTR-1002,2026-06-17T10:30:00Z,637.214
MTR-1002,2026-06-17T11:00:00Z,710.800
MTR-1002,2026-06-17T11:30:00Z,626.109
MTR-1002,2026-06-17T12:00:00Z,626.396
MTR-1002,2026-06-17T12:30:00Z,618.934
MTR-1002,2026-06-17T13:00:00Z,672.850
MTR-1002,2026-06-17T13:30:00Z,657.082
MTR-1002,2026-06-17T14:00:00Z,687.065
MTR-1002,2026-06-17T14:30:00Z,677.392
MTR-1002,2026-06-17T15:00:00Z,652.710
MTR-1002,2026-06-17T15:30:00Z,381.321
MTR-1002,2026-06-17T16:00:00Z,388.011
MTR-1002,2026-06-17T16:30:00Z,414.975
MTR-1002,2026-06-17T17:00:00Z,369.891
MTR-1002,2026-06-17T17:30:00Z,381.286
MTR-1002,2026-06-17T18:00:00Z,359.002
MTR-1002,2026-06-17T18:30:00Z,197.140
MTR-1002,2026-06-17T19:00:00Z,192.231
MTR-1002,2026-06-17T19:30:00Z,201.803
MTR-1002,2026-06-17T20:00:00Z,212.278
MTR-1002,2026-06-17T20:30:00Z,173.101
MTR-1002,2026-06-17T21:00:00Z,197.698
MTR-1002,2026-06-17T21:30:00Z,212.152
MTR-1002,2026-06-17T22:00:00Z,180.407
MTR-1002,2026-06-17T22:30:00Z,198.562
MTR-1002,2026-06-17T23:00:00Z,206.964
MTR-1002,2026-06-17T23:30:00Z,196.064
MTR-1002,2026-06-18T00:00:00Z,193.757
MTR-1002,2026-06-18T00:30:00Z,207.572
MTR-1002,2026-06-18T01:00:00Z,204.125
MTR-1002,2026-06-18T01:30:00Z,192.487
MTR-1002,2026-06-18T02:00:00Z,202.952
MTR-1002,2026-06-18T02:30:00Z,195.730
MTR-1002,2026-06-18T03:00:00Z,184.424
MTR-1002,2026-06-18T03:30:00Z,178.181
MTR-1002,2026-06-18T04:00:00Z,198.352
MTR-1002,2026-06-18T04:30:00Z,503.551
MTR-1002,2026-06-18T05:00:00Z,497.200
MTR-1002,2026-06-18T05:30:00Z,477.361
MTR-1002,2026-06-18T06:00:00Z,463.917
MTR-1002,2026-06-18T06:30:00Z,653.951
MTR-1002,2026-06-18T07:00:00Z,681.485
MTR-1002,2026-06-18T07:30:00Z,645.729
MTR-1002,2026-06-18T08:00:00Z,610.242
MTR-1002,2026-06-18T08:30:00Z,621.138
MTR-1002,2026-06-18T09:00:00Z,681.457
MTR-1002,2026-06-18T09:30:00Z,680.051
MTR-1002,2026-06-18T10:00:00Z,598.311
MTR-1002,2026-06-18T10:30:00Z,629.684
MTR-1002,2026-06-18T11:00:00Z,619.209
MTR-1002,2026-06-18T11:30:00Z,632.198
MTR-1002,2026-06-18T12:00:00Z,719.539
MTR-1002,2026-06-18T12:30:00Z,604.313
MTR-1002,2026-06-18T13:00:00Z,694.345
MTR-1002,2026-06-18T13:30:00Z,629.519
MTR-1002,2026-06-18T14:00:00Z,601.928
MTR-1002,2026-06-18T14:30:00Z,613.072
MTR-1002,2026-06-18T15:00:00Z,624.215
MTR-1002,2026-06-18T15:30:00Z,406.714
MTR-1002,2026-06-18T16:00:00Z,376.320
MTR-1002,2026-06-18T16:30:00Z,421.785
MTR-1002,2026-06-18T17:00:00Z,368.015
MTR-1002,2026-06-18T17:30:00Z,401.554
MTR-1002,2026-06-18T18:00:00Z,368.403
MTR-1002,2026-06-18T18:30:00Z,199.088
MTR-1002,2026-06-18T19:00:00Z,196.210
MTR-1002,2026-06-18T19:30:00Z,187.913
MTR-1002,2026-06-18T20:00:00Z,213.218
MTR-1002,2026-06-18T20:30:00Z,205.519
MTR-1002,2026-06-18T21:00:00Z,193.942
MTR-1002,2026-06-18T21:30:00Z,187.677
MTR-1002,2026-06-18T22:00:00Z,190.303
MTR-1002,2026-06-18T22:30:00Z,216.636
MTR-1002,2026-06-18T23:00:00Z,192.243
MTR-1002,2026-06-18T23:30:00Z,194.525
MTR-1002,2026-06-19T00:00:00Z,197.270
MTR-1002,2026-06-19T00:30:00Z,198.401
MTR-1002,2026-06-19T01:00:00Z,192.598
MTR-1002,2026-06-19T01:30:00Z,174.408
MTR-1002,2026-06-19T02:00:00Z,199.118
MTR-1002,2026-06-19T02:30:00Z,216.535
MTR-1002,2026-06-19T03:00:00Z,203.713
MTR-1002,2026-06-19T03:30:00Z,191.112
MTR-1002,2026-06-19T04:00:00Z,185.843
MTR-1002,2026-06-19T04:30:00Z,448.132
MTR-1002,2026-06-19T05:00:00Z,492.838
MTR-1002,2026-06-19T05:30:00Z,418.665
MTR-1002,2026-06-19T06:00:00Z,457.227
MTR-1002,2026-06-19T06:30:00Z,709.505
MTR-1002,2026-06-19T07:00:00Z,674.306
MTR-1002,2026-06-19T07:30:00Z,662.394
MTR-1002,2026-06-19T08:00:00Z,641.125
MTR-1002,2026-06-19T08:30:00Z,692.900
MTR-1002,2026-06-19T09:00:00Z,631.299
MTR-1002,2026-06-19T09:30:00Z,611.239
MTR-1002,2026-06-19T10:00:00Z,595.448
MTR-1002,2026-06-19T10:30:00Z,643.529
MTR-1002,2026-06-19T11:00:00Z,591.634
MTR-1002,2026-06-19T11:30:00Z,632.647
MTR-1002,2026-06-19T12:00:00Z,685.934
MTR-1002,2026-06-19T12:30:00Z,674.834
MTR-1002,2026-06-19T13:00:00Z,635.150
MTR-1002,2026-06-19T13:30:00Z,613.479
MTR-1002,2026-06-19T14:00:00Z,619.108
MTR-1002,2026-06-19T14:30:00Z,555.559
MTR-1002,2026-06-19T15:00:00Z,621.514
MTR-1002,2026-06-19T15:30:00Z,404.078
MTR-1002,2026-06-19T16:00:00Z,382.695
MTR-1002,2026-06-19T16:30:00Z,378.311
MTR-1002,2026-06-19T17:00:00Z,380.897
MTR-1002,2026-06-19T17:30:00Z,402.836
MTR-1002,2026-06-19T18:00:00Z,405.946
MTR-1002,2026-06-19T18:30:00Z,192.134
MTR-1002,2026-06-19T19:00:00Z,194.172
MTR-1002,2026-06-19T19:30:00Z,208.563
MTR-1002,2026-06-19T20:00:00Z,204.548
MTR-1002,2026-06-19T20:30:00Z,195.042
MTR-1002,2026-06-19T21:00:00Z,183.762
MTR-1002,2026-06-19T21:30:00Z,177.952
MTR-1002,2026-06-19T22:00:00Z,183.870
MTR-1002,2026-06-19T22:30:00Z,16.069
MTR-1002,2026-06-19T23:00:00Z,13.614
MTR-1002,2026-06-19T23:30:00Z,15.162
MTR-1002,2026-06-20T00:00:00Z,13.612
MTR-1002,2026-06-20T00:30:00Z,15.639
MTR-1002,2026-06-20T01:00:00Z,14.802
MTR-1002,2026-06-20T01:30:00Z,12.722
MTR-1002,2026-06-20T02:00:00Z,13.393
MTR-1002,2026-06-20T02:30:00Z,15.159
MTR-1002,2026-06-20T03:00:00Z,13.307
MTR-1002,2026-06-20T03:30:00Z,15.633
MTR-1002,2026-06-20T04:00:00Z,14.783
MTR-1002,2026-06-20T04:30:00Z,34.909
MTR-1002,2026-06-20T05:00:00Z,38.872
MTR-1002,2026-06-20T05:30:00Z,34.452
MTR-1002,2026-06-20T06:00:00Z,35.857
MTR-1002,2026-06-20T06:30:00Z,42.925
MTR-1002,2026-06-20T07:00:00Z,50.816
MTR-1002,2026-06-20T07:30:00Z,45.220
MTR-1002,2026-06-20T08:00:00Z,45.095
MTR-1002,2026-06-20T08:30:00Z,45.682
MTR-1002,2026-06-20T09:00:00Z,43.550
MTR-1002,2026-06-20T09:30:00Z,55.590
MTR-1002,2026-06-20T10:00:00Z,51.255
MTR-1002,2026-06-20T10:30:00Z,49.304
MTR-1002,2026-06-20T11:00:00Z,49.705
MTR-1002,2026-06-20T11:30:00Z,47.294
MTR-1002,2026-06-20T12:00:00Z,49.175
MTR-1002,2026-06-20T12:30:00Z,49.677
MTR-1002,2026-06-20T13:00:00Z,43.741
MTR-1002,2026-06-20T13:30:00Z,47.499
MTR-1002,2026-06-20T14:00:00Z,46.212
MTR-1002,2026-06-20T14:30:00Z,43.321
MTR-1002,2026-06-20T15:00:00Z,50.443
MTR-1002,2026-06-20T15:30:00Z,29.246
MTR-1002,2026-06-20T16:00:00Z,29.649
MTR-1002,2026-06-20T16:30:00Z,28.705
MTR-1002,2026-06-20T17:00:00Z,27.840
MTR-1002,2026-06-20T17:30:00Z,29.705
MTR-1002,2026-06-20T18:00:00Z,30.461
MTR-1002,2026-06-20T18:30:00Z,15.690
MTR-1002,2026-06-20T19:00:00Z,14.536
MTR-1002,2026-06-20T19:30:00Z,14.969
MTR-1002,2026-06-20T20:00:00Z,15.443
MTR-1002,2026-06-20T20:30:00Z,13.851
MTR-1002,2026-06-20T21:00:00Z,13.522
MTR-1002,2026-06-20T21:30:00Z,13.755
MTR-1002,2026-06-20T22:00:00Z,14.641
MTR-1002,2026-06-20T22:30:00Z,98.824
MTR-1002,2026-06-20T23:00:00Z,93.404
MTR-1002,2026-06-20T23:30:00Z,98.809
MTR-1002,2026-06-21T00:00:00Z,98.690
MTR-1002,2026-06-21T00:30:00Z,95.116
MTR-1002,2026-06-21T01:00:00Z,98.059
MTR-1002,2026-06-21T01:30:00Z,90.657
MTR-1002,2026-06-21T02:00:00Z,97.683
MTR-1002,2026-06-21T02:30:00Z,94.323
MTR-1002,2026-06-21T03:00:00Z,90.339
MTR-1002,2026-06-21T03:30:00Z,97.905
MTR-1002,2026-06-21T04:00:00Z,94.057
MTR-1002,2026-06-21T04:30:00Z,217.044
MTR-1002,2026-06-21T05:00:00Z,260.490
MTR-1002,2026-06-21T05:30:00Z,269.077
MTR-1002,2026-06-21T06:00:00Z,226.901
MTR-1002,2026-06-21T06:30:00Z,322.652
MTR-1002,2026-06-21T07:00:00Z,287.954
MTR-1002,2026-06-21T07:30:00Z,331.960
MTR-1002,2026-06-21T08:00:00Z,283.908
MTR-1002,2026-06-21T08:30:00Z,347.640
MTR-1002,2026-06-21T09:00:00Z,326.063
MTR-1002,2026-06-21T09:30:00Z,320.671
MTR-1002,2026-06-21T10:00:00Z,325.813
MTR-1002,2026-06-21T10:30:00Z,339.178
MTR-1002,2026-06-21T11:00:00Z,331.294
MTR-1002,2026-06-21T11:30:00Z,313.559
MTR-1002,2026-06-21T12:00:00Z,350.768
MTR-1002,2026-06-21T12:30:00Z,319.532
MTR-1002,2026-06-21T13:00:00Z,344.095
MTR-1002,2026-06-21T13:30:00Z,356.427
MTR-1002,2026-06-21T14:00:00Z,324.459
MTR-1002,2026-06-21T14:30:00Z,319.806
MTR-1002,2026-06-21T15:00:00Z,336.081
MTR-1002,2026-06-21T15:30:00Z,179.126
MTR-1002,2026-06-21T16:00:00Z,183.681
MTR-1002,2026-06-21T16:30:00Z,197.363
MTR-1002,2026-06-21T17:00:00Z,199.466
MTR-1002,2026-06-21T17:30:00Z,196.526
MTR-1002,2026-06-21T18:00:00Z,190.604
MTR-1002,2026-06-21T18:30:00Z,104.519
MTR-1002,2026-06-21T19:00:00Z,97.450
MTR-1002,2026-06-21T19:30:00Z,92.470
MTR-1002,2026-06-21T20:00:00Z,99.990
MTR-1002,2026-06-21T20:30:00Z,98.990
MTR-1002,2026-06-21T21:00:00Z,98.816
MTR-1002,2026-06-21T21:30:00Z,98.809
MTR-1002,2026-06-21T22:00:00Z,91.126
MTR-1002,2026-06-21T22:30:00Z,187.952
MTR-1002,2026-06-21T23:00:00Z,194.365
MTR-1002,2026-06-21T23:30:00Z,195.973
MTR-1002,2026-06-22T00:00:00Z,182.156
MTR-1002,2026-06-22T00:30:00Z,190.518
MTR-1002,2026-06-22T01:00:00Z,190.108
MTR-1002,2026-06-22T01:30:00Z,183.665
MTR-1002,2026-06-22T02:00:00Z,197.811
MTR-1002,2026-06-22T02:30:00Z,182.536
MTR-1002,2026-06-22T03:00:00Z,201.365
MTR-1002,2026-06-22T03:30:00Z,196.006
MTR-1002,2026-06-22T04:00:00Z,183.155
MTR-1002,2026-06-22T04:30:00Z,470.262
MTR-1002,2026-06-22T05:00:00Z,432.854
MTR-1002,2026-06-22T05:30:00Z,480.165
MTR-1002,2026-06-22T06:00:00Z,481.576
MTR-1002,2026-06-22T06:30:00Z,731.840
MTR-1002,2026-06-22T07:00:00Z,734.363
MTR-1002,2026-06-22T07:30:00Z,603.204
MTR-1002,2026-06-22T08:00:00Z,671.129
MTR-1002,2026-06-22T08:30:00Z,705.574
MTR-1002,2026-06-22T09:00:00Z,578.382
MTR-1002,2026-06-22T09:30:00Z,634.761
MTR-1002,2026-06-22T10:00:00Z,689.175
MTR-1002,2026-06-22T10:30:00Z,591.621
MTR-1002,2026-06-22T11:00:00Z,601.148
MTR-1002,2026-06-22T11:30:00Z,605.103
MTR-1002,2026-06-22T12:00:00Z,666.324
MTR-1002,2026-06-22T12:30:00Z,567.870
MTR-1002,2026-06-22T13:00:00Z,691.699
MTR-1002,2026-06-22T13:30:00Z,693.113
MTR-1002,2026-06-22T14:00:00Z,624.054
MTR-1002,2026-06-22T14:30:00Z,575.069
MTR-1002,2026-06-22T15:00:00Z,610.765
MTR-1002,2026-06-22T15:30:00Z,378.113
MTR-1002,2026-06-22T16:00:00Z,427.242
MTR-1002,2026-06-22T16:30:00Z,342.296
MTR-1002,2026-06-22T17:00:00Z,403.884
MTR-1002,2026-06-22T17:30:00Z,368.554
MTR-1002,2026-06-22T18:00:00Z,432.162
MTR-1002,2026-06-22T18:30:00Z,194.745
MTR-1002,2026-06-22T19:00:00Z,180.254
MTR-1002,2026-06-22T19:30:00Z,192.206
MTR-1002,2026-06-22T20:00:00Z,172.259
MTR-1002,2026-06-22T20:30:00Z,196.900
MTR-1002,2026-06-22T21:00:00Z,165.660
MTR-1002,2026-06-22T21:30:00Z,198.593
MTR-1002,2026-06-22T22:00:00Z,192.619
MTR-1002,2026-06-22T22:30:00Z,192.401
MTR-1002,2026-06-22T23:00:00Z,185.787
MTR-1002,2026-06-22T23:30:00Z,169.360
MTR-1002,2026-06-23T00:00:00Z,194.295
MTR-1002,2026-06-23T00:30:00Z,191.993
MTR-1002,2026-06-23T01:00:00Z,197.703
MTR-1002,2026-06-23T01:30:00Z,216.041
MTR-1002,2026-06-23T02:00:00Z,190.674
MTR-1002,2026-06-23T02:30:00Z,197.617
MTR-1002,2026-06-23T03:00:00Z,189.879
MTR-1002,2026-06-23T03:30:00Z,207.279
MTR-1002,2026-06-23T04:00:00Z,185.618
MTR-1002,2026-06-23T04:30:00Z,455.634
MTR-1002,2026-06-23T05:00:00Z,479.477
MTR-1002,2026-06-23T05:30:00Z,492.740
MTR-1002,2026-06-23T06:00:00Z,474.959
MTR-1002,2026-06-23T06:30:00Z,556.943
MTR-1002,2026-06-23T07:00:00Z,644.891
MTR-1002,2026-06-23T07:30:00Z,689.666
MTR-1002,2026-06-23T08:00:00Z,641.776
MTR-1002,2026-06-23T08:30:00Z,611.576
MTR-1002,2026-06-23T09:00:00Z,613.259
MTR-1002,2026-06-23T09:30:00Z,616.605
MTR-1002,2026-06-23T10:00:00Z,661.344
MTR-1002,2026-06-23T10:30:00Z,664.938
MTR-1002,2026-06-23T11:00:00Z,629.436
MTR-1002,2026-06-23T11:30:00Z,622.346
MTR-1002,2026-06-23T12:00:00Z,718.512
MTR-1002,2026-06-23T12:30:00Z,668.927
MTR-1002,2026-06-23T13:00:00Z,624.861
MTR-1002,2026-06-23T13:30:00Z,673.462
MTR-1002,2026-06-23T14:00:00Z,633.177
MTR-1002,2026-06-23T14:30:00Z,643.365
MTR-1002,2026-06-23T15:00:00Z,614.294
MTR-1002,2026-06-23T15:30:00Z,399.868
MTR-1002,2026-06-23T16:00:00Z,360.756
MTR-1002,2026-06-23T16:30:00Z,378.482
MTR-1002,2026-06-23T17:00:00Z,381.923
MTR-1002,2026-06-23T17:30:00Z,372.646
MTR-1002,2026-06-23T18:00:00Z,346.078
MTR-1002,2026-06-23T18:30:00Z,197.624
MTR-1002,2026-06-23T19:00:00Z,198.519
MTR-1002,2026-06-23T19:30:00Z,207.989
MTR-1002,2026-06-23T20:00:00Z,194.532
MTR-1002,2026-06-23T20:30:00Z,186.073
MTR-1002,2026-06-23T21:00:00Z,169.872
MTR-1002,2026-06-23T21:30:00Z,190.958
MTR-1002,2026-06-23T22:00:00Z,194.398
MTR-1002,2026-06-23T22:30:00Z,196.636
MTR-1002,2026-06-23T23:00:00Z,178.799
MTR-1002,2026-06-23T23:30:00Z,197.038
MTR-1002,2026-06-24T00:00:00Z,202.833
MTR-1002,2026-06-24T00:30:00Z,173.958
MTR-1002,2026-06-24T01:00:00Z,214.744
MTR-1002,2026-06-24T01:30:00Z,200.981
MTR-1002,2026-06-24T02:00:00Z,190.982
MTR-1002,2026-06-24T02:30:00Z,185.454
MTR-1002,2026-06-24T03:00:00Z,195.172
MTR-1002,2026-06-24T03:30:00Z,182.323
MTR-1002,2026-06-24T04:00:00Z,200.565
MTR-1002,2026-06-24T04:30:00Z,470.771
MTR-1002,2026-06-24T05:00:00Z,484.517
MTR-1002,2026-06-24T05:30:00Z,510.881
MTR-1002,2026-06-24T06:00:00Z,521.251
MTR-1002,2026-06-24T06:30:00Z,703.809
MTR-1002,2026-06-24T07:00:00Z,662.642
MTR-1002,2026-06-24T07:30:00Z,628.843
MTR-1002,2026-06-24T08:00:00Z,682.279
MTR-1002,2026-06-24T08:30:00Z,697.434
MTR-1002,2026-06-24T09:00:00Z,628.797
MTR-1002,2026-06-24T09:30:00Z,661.006
MTR-1002,2026-06-24T10:00:00Z,656.110
MTR-1002,2026-06-24T10:30:00Z,585.480
MTR-1002,2026-06-24T11:00:00Z,630.302
MTR-1002,2026-06-24T11:30:00Z,677.011
MTR-1002,2026-06-24T12:00:00Z,708.180
MTR-1002,2026-06-24T12:30:00Z,634.446
MTR-1002,2026-06-24T13:00:00Z,620.380
MTR-1002,2026-06-24T13:30:00Z,594.630
MTR-1002,2026-06-24T14:00:00Z,656.365
MTR-1002,2026-06-24T14:30:00Z,627.365
MTR-1002,2026-06-24T15:00:00Z,633.035
MTR-1002,2026-06-24T15:30:00Z,375.956
MTR-1002,2026-06-24T16:00:00Z,388.692
MTR-1002,2026-06-24T16:30:00Z,366.592
MTR-1002,2026-06-24T17:00:00Z,404.151
MTR-1002,2026-06-24T17:30:00Z,372.254
MTR-1002,2026-06-24T18:00:00Z,396.390
MTR-1002,2026-06-24T18:30:00Z,181.186
MTR-1002,2026-06-24T19:00:00Z,188.925
MTR-1002,2026-06-24T19:30:00Z,223.985
MTR-1002,2026-06-24T20:00:00Z,183.708
MTR-1002,2026-06-24T20:30:00Z,205.661
MTR-1002,2026-06-24T21:00:00Z,183.682
MTR-1002,2026-06-24T21:30:00Z,199.158
MTR-1002,2026-06-24T22:00:00Z,192.389
MTR-1002,2026-06-24T22:30:00Z,191.734
MTR-1002,2026-06-24T23:00:00Z,180.998
MTR-1002,2026-06-24T23:30:00Z,187.428
MTR-1002,2026-06-25T00:00:00Z,180.637
MTR-1002,2026-06-25T00:30:00Z,186.136
MTR-1002,2026-06-25T01:00:00Z,191.090
MTR-1002,2026-06-25T01:30:00Z,189.490
MTR-1002,2026-06-25T02:00:00Z,185.428
MTR-1002,2026-06-25T02:30:00Z,218.809
MTR-1002,2026-06-25T03:00:00Z,178.062
MTR-1002,2026-06-25T03:30:00Z,200.369
MTR-1002,2026-06-25T04:00:00Z,198.060
MTR-1002,2026-06-25T04:30:00Z,447.700
MTR-1002,2026-06-25T05:00:00Z,424.356
MTR-1002,2026-06-25T05:30:00Z,447.253
MTR-1002,2026-06-25T06:00:00Z,503.962
MTR-1002,2026-06-25T06:30:00Z,665.346
MTR-1002,2026-06-25T07:00:00Z,598.063
MTR-1002,2026-06-25T07:30:00Z,616.259
MTR-1002,2026-06-25T08:00:00Z,677.820
MTR-1002,2026-06-25T08:30:00Z,648.848
MTR-1002,2026-06-25T09:00:00Z,594.025
MTR-1002,2026-06-25T09:30:00Z,672.498
MTR-1002,2026-06-25T10:00:00Z,678.201
MTR-1002,2026-06-25T10:30:00Z,619.795
MTR-1002,2026-06-25T11:00:00Z,673.631
MTR-1002,2026-06-25T11:30:00Z,646.453
MTR-1002,2026-06-25T12:00:00Z,601.208
MTR-1002,2026-06-25T12:30:00Z,539.190
MTR-1002,2026-06-25T13:00:00Z,673.026
MTR-1002,2026-06-25T13:30:00Z,667.378
MTR-1002,2026-06-25T14:00:00Z,665.708
MTR-1002,2026-06-25T14:30:00Z,603.339
MTR-1002,2026-06-25T15:00:00Z,649.252
MTR-1002,2026-06-25T15:30:00Z,385.072
MTR-1002,2026-06-25T16:00:00Z,405.024
MTR-1002,2026-06-25T16:30:00Z,404.242
MTR-1002,2026-06-25T17:00:00Z,379.300
MTR-1002,2026-06-25T17:30:00Z,415.272
MTR-1002,2026-06-25T18:00:00Z,395.717
MTR-1002,2026-06-25T18:30:00Z,192.970
MTR-1002,2026-06-25T19:00:00Z,184.604
MTR-1002,2026-06-25T19:30:00Z,188.353
MTR-1002,2026-06-25T20:00:00Z,194.747
MTR-1002,2026-06-25T20:30:00Z,164.071
MTR-1002,2026-06-25T21:00:00Z,186.893
MTR-1002,2026-06-25T21:30:00Z,195.710
MTR-1002,2026-06-25T22:00:00Z,192.071
MTR-1002,2026-06-25T22:30:00Z,186.941
MTR-1002,2026-06-25T23:00:00Z,197.291
MTR-1002,2026-06-25T23:30:00Z,193.421
MTR-1002,2026-06-26T00:00:00Z,197.806
MTR-1002,2026-06-26T00:30:00Z,201.217
MTR-1002,2026-06-26T01:00:00Z,188.517
MTR-1002,2026-06-26T01:30:00Z,193.252
MTR-1002,2026-06-26T02:00:00Z,197.976
MTR-1002,2026-06-26T02:30:00Z,195.173
MTR-1002,2026-06-26T03:00:00Z,177.424
MTR-1002,2026-06-26T03:30:00Z,215.128
MTR-1002,2026-06-26T04:00:00Z,190.994
MTR-1002,2026-06-26T04:30:00Z,491.244
MTR-1002,2026-06-26T05:00:00Z,473.219
MTR-1002,2026-06-26T05:30:00Z,459.974
MTR-1002,2026-06-26T06:00:00Z,429.001
MTR-1002,2026-06-26T06:30:00Z,680.782
MTR-1002,2026-06-26T07:00:00Z,631.027
MTR-1002,2026-06-26T07:30:00Z,548.353
MTR-1002,2026-06-26T08:00:00Z,686.215
MTR-1002,2026-06-26T08:30:00Z,692.626
MTR-1002,2026-06-26T09:00:00Z,680.296
MTR-1002,2026-06-26T09:30:00Z,673.191
MTR-1002,2026-06-26T10:00:00Z,644.630
MTR-1002,2026-06-26T10:30:00Z,647.466
MTR-1002,2026-06-26T11:00:00Z,662.191
MTR-1002,2026-06-26T11:30:00Z,588.937
MTR-1002,2026-06-26T12:00:00Z,627.111
MTR-1002,2026-06-26T12:30:00Z,667.608
MTR-1002,2026-06-26T13:00:00Z,606.513
MTR-1002,2026-06-26T13:30:00Z,599.460
MTR-1002,2026-06-26T14:00:00Z,632.719
MTR-1002,2026-06-26T14:30:00Z,676.229
MTR-1002,2026-06-26T15:00:00Z,634.236
MTR-1002,2026-06-26T15:30:00Z,374.978
MTR-1002,2026-06-26T16:00:00Z,358.102
MTR-1002,2026-06-26T16:30:00Z,382.817
MTR-1002,2026-06-26T17:00:00Z,417.204
MTR-1002,2026-06-26T17:30:00Z,333.594
MTR-1002,2026-06-26T18:00:00Z,351.005
MTR-1002,2026-06-26T18:30:00Z,184.519
MTR-1002,2026-06-26T19:00:00Z,201.358
MTR-1002,2026-06-26T19:30:00Z,186.663
MTR-1002,2026-06-26T20:00:00Z,195.001
MTR-1002,2026-06-26T20:30:00Z,178.145
MTR-1002,2026-06-26T21:00:00Z,207.335
MTR-1002,2026-06-26T21:30:00Z,202.362
MTR-1002,2026-06-26T22:00:00Z,188.380
MTR-1002,2026-06-26T22:30:00Z,97.979
MTR-1002,2026-06-26T23:00:00Z,91.548
MTR-1002,2026-06-26T23:30:00Z,90.253
MTR-1002,2026-06-27T00:00:00Z,93.266
MTR-1002,2026-06-27T00:30:00Z,107.907
MTR-1002,2026-06-27T01:00:00Z,95.149
MTR-1002,2026-06-27T01:30:00Z,98.501
MTR-1002,2026-06-27T02:00:00Z,98.125
MTR-1002,2026-06-27T02:30:00Z,95.309
MTR-1002,2026-06-27T03:00:00Z,91.651
MTR-1002,2026-06-27T03:30:00Z,85.688
MTR-1002,2026-06-27T04:00:00Z,105.022
MTR-1002,2026-06-27T04:30:00Z,227.784
MTR-1002,2026-06-27T05:00:00Z,227.081
MTR-1002,2026-06-27T05:30:00Z,208.029
MTR-1002,2026-06-27T06:00:00Z,250.693
MTR-1002,2026-06-27T06:30:00Z,318.750
MTR-1002,2026-06-27T07:00:00Z,314.967
MTR-1002,2026-06-27T07:30:00Z,339.281
MTR-1002,2026-06-27T08:00:00Z,320.328
MTR-1002,2026-06-27T08:30:00Z,353.885
MTR-1002,2026-06-27T09:00:00Z,303.371
MTR-1002,2026-06-27T09:30:00Z,320.065
MTR-1002,2026-06-27T10:00:00Z,329.917
MTR-1002,2026-06-27T10:30:00Z,287.100
MTR-1002,2026-06-27T11:00:00Z,347.429
MTR-1002,2026-06-27T11:30:00Z,300.733
MTR-1002,2026-06-27T12:00:00Z,318.893
MTR-1002,2026-06-27T12:30:00Z,320.463
MTR-1002,2026-06-27T13:00:00Z,340.482
MTR-1002,2026-06-27T13:30:00Z,323.338
MTR-1002,2026-06-27T14:00:00Z,297.579
MTR-1002,2026-06-27T14:30:00Z,317.442
MTR-1002,2026-06-27T15:00:00Z,289.078
MTR-1002,2026-06-27T15:30:00Z,185.869
MTR-1002,2026-06-27T16:00:00Z,181.665
MTR-1002,2026-06-27T16:30:00Z,193.368
MTR-1002,2026-06-27T17:00:00Z,185.153
MTR-1002,2026-06-27T17:30:00Z,188.008
MTR-1002,2026-06-27T18:00:00Z,198.035
MTR-1002,2026-06-27T18:30:00Z,90.373
MTR-1002,2026-06-27T19:00:00Z,101.877
MTR-1002,2026-06-27T19:30:00Z,95.179
MTR-1002,2026-06-27T20:00:00Z,82.124
MTR-1002,2026-06-27T20:30:00Z,98.192
MTR-1002,2026-06-27T21:00:00Z,84.637
MTR-1002,2026-06-27T21:30:00Z,99.525
MTR-1002,2026-06-27T22:00:00Z,91.855
MTR-1002,2026-06-27T22:30:00Z,86.729
MTR-1002,2026-06-27T23:00:00Z,98.166
MTR-1002,2026-06-27T23:30:00Z,95.062
MTR-1002,2026-06-28T00:00:00Z,104.028
MTR-1002,2026-06-28T00:30:00Z,100.586
MTR-1002,2026-06-28T01:00:00Z,95.611
MTR-1002,2026-06-28T01:30:00Z,92.127
MTR-1002,2026-06-28T02:00:00Z,90.285
MTR-1002,2026-06-28T02:30:00Z,103.359
MTR-1002,2026-06-28T03:00:00Z,97.514
MTR-1002,2026-06-28T03:30:00Z,109.947
MTR-1002,2026-06-28T04:00:00Z,92.885
MTR-1002,2026-06-28T04:30:00Z,222.871
MTR-1002,2026-06-28T05:00:00Z,249.653
MTR-1002,2026-06-28T05:30:00Z,255.565
MTR-1002,2026-06-28T06:00:00Z,249.624
MTR-1002,2026-06-28T06:30:00Z,280.133
MTR-1002,2026-06-28T07:00:00Z,303.705
MTR-1002,2026-06-28T07:30:00Z,317.619
MTR-1002,2026-06-28T08:00:00Z,320.810
MTR-1002,2026-06-28T08:30:00Z,283.914
MTR-1002,2026-06-28T09:00:00Z,316.076
MTR-1002,2026-06-28T09:30:00Z,339.633
MTR-1002,2026-06-28T10:00:00Z,297.788
MTR-1002,2026-06-28T10:30:00Z,335.252
MTR-1002,2026-06-28T11:00:00Z,287.170
MTR-1002,2026-06-28T11:30:00Z,335.051
MTR-1002,2026-06-28T12:00:00Z,306.771
MTR-1002,2026-06-28T12:30:00Z,318.471
MTR-1002,2026-06-28T13:00:00Z,322.389
MTR-1002,2026-06-28T13:30:00Z,324.362
MTR-1002,2026-06-28T14:00:00Z,311.437
MTR-1002,2026-06-28T14:30:00Z,330.114
MTR-1002,2026-06-28T15:00:00Z,342.620
MTR-1002,2026-06-28T15:30:00Z,189.685
MTR-1002,2026-06-28T16:00:00Z,174.205
MTR-1002,2026-06-28T16:30:00Z,184.170
MTR-1002,2026-06-28T17:00:00Z,172.777
MTR-1002,2026-06-28T17:30:00Z,199.505
MTR-1002,2026-06-28T18:00:00Z,180.462
MTR-1002,2026-06-28T18:30:00Z,96.408
MTR-1002,2026-06-28T19:00:00Z,102.192
MTR-1002,2026-06-28T19:30:00Z,97.392
MTR-1002,2026-06-28T20:00:00Z,105.998
MTR-1002,2026-06-28T20:30:00Z,88.331
MTR-1002,2026-06-28T21:00:00Z,93.048
MTR-1002,2026-06-28T21:30:00Z,89.966
MTR-1002,2026-06-28T22:00:00Z,86.406
MTR-1002,2026-06-28T22:30:00Z,180.110
MTR-1002,2026-06-28T23:00:00Z,193.071
MTR-1002,2026-06-28T23:30:00Z,180.787
MTR-1002,2026-06-29T00:00:00Z,163.136
MTR-1002,2026-06-29T00:30:00Z,189.962
MTR-1002,2026-06-29T01:00:00Z,180.704
MTR-1002,2026-06-29T01:30:00Z,204.510
MTR-1002,2026-06-29T02:00:00Z,202.772
MTR-1002,2026-06-29T02:30:00Z,191.535
MTR-1002,2026-06-29T03:00:00Z,189.809
MTR-1002,2026-06-29T03:30:00Z,184.245
MTR-1002,2026-06-29T04:00:00Z,194.319
MTR-1002,2026-06-29T04:30:00Z,479.992
MTR-1002,2026-06-29T05:00:00Z,503.042
MTR-1002,2026-06-29T05:30:00Z,527.704
MTR-1002,2026-06-29T06:00:00Z,459.259
MTR-1002,2026-06-29T06:30:00Z,615.311
MTR-1002,2026-06-29T07:00:00Z,610.205
MTR-1002,2026-06-29T07:30:00Z,596.725
MTR-1002,2026-06-29T08:00:00Z,653.526
MTR-1002,2026-06-29T08:30:00Z,711.078
MTR-1002,2026-06-29T09:00:00Z,586.436
MTR-1002,2026-06-29T09:30:00Z,656.660
MTR-1002,2026-06-29T10:00:00Z,688.612
MTR-1002,2026-06-29T10:30:00Z,672.387
MTR-1002,2026-06-29T11:00:00Z,618.520
MTR-1002,2026-06-29T11:30:00Z,634.949
MTR-1002,2026-06-29T12:00:00Z,670.250
MTR-1002,2026-06-29T12:30:00Z,604.565
MTR-1002,2026-06-29T13:00:00Z,628.001
MTR-1002,2026-06-29T13:30:00Z,621.306
MTR-1002,2026-06-29T14:00:00Z,648.227
MTR-1002,2026-06-29T14:30:00Z,695.699
MTR-1002,2026-06-29T15:00:00Z,582.056
MTR-1002,2026-06-29T15:30:00Z,343.988
MTR-1002,2026-06-29T16:00:00Z,391.844
MTR-1002,2026-06-29T16:30:00Z,382.199
MTR-1002,2026-06-29T17:00:00Z,396.135
MTR-1002,2026-06-29T17:30:00Z,346.603
MTR-1002,2026-06-29T18:00:00Z,370.621
MTR-1002,2026-06-29T18:30:00Z,186.317
MTR-1002,2026-06-29T19:00:00Z,209.812
MTR-1002,2026-06-29T19:30:00Z,205.406
MTR-1002,2026-06-29T20:00:00Z,203.657
MTR-1002,2026-06-29T20:30:00Z,211.146
MTR-1002,2026-06-29T21:00:00Z,187.291
MTR-1002,2026-06-29T21:30:00Z,200.760
MTR-1002,2026-06-29T22:00:00Z,196.431
MTR-1002,2026-06-29T22:30:00Z,184.887
MTR-1002,2026-06-29T23:00:00Z,187.414
MTR-1002,2026-06-29T23:30:00Z,192.926
MTR-1002,2026-06-30T00:00:00Z,206.765
MTR-1002,2026-06-30T00:30:00Z,171.723
MTR-1002,2026-06-30T01:00:00Z,192.720
MTR-1002,2026-06-30T01:30:00Z,179.760
MTR-1002,2026-06-30T02:00:00Z,180.744
MTR-1002,2026-06-30T02:30:00Z,164.208
MTR-1002,2026-06-30T03:00:00Z,213.950
MTR-1002,2026-06-30T03:30:00Z,170.866
MTR-1002,2026-06-30T04:00:00Z,204.998
MTR-1002,2026-06-30T04:30:00Z,507.630
MTR-1002,2026-06-30T05:00:00Z,471.245
MTR-1002,2026-06-30T05:30:00Z,509.292
MTR-1002,2026-06-30T06:00:00Z,468.597
MTR-1002,2026-06-30T06:30:00Z,616.554
MTR-1002,2026-06-30T07:00:00Z,610.882
MTR-1002,2026-06-30T07:30:00Z,684.280
MTR-1002,2026-06-30T08:00:00Z,588.713
MTR-1002,2026-06-30T08:30:00Z,597.384
MTR-1002,2026-06-30T09:00:00Z,619.892
MTR-1002,2026-06-30T09:30:00Z,656.934
MTR-1002,2026-06-30T10:00:00Z,703.448
MTR-1002,2026-06-30T10:30:00Z,599.380
MTR-1002,2026-06-30T11:00:00Z,651.842
MTR-1002,2026-06-30T11:30:00Z,649.429
MTR-1002,2026-06-30T12:00:00Z,637.762
MTR-1002,2026-06-30T12:30:00Z,601.277
MTR-1002,2026-06-30T13:00:00Z,629.033
MTR-1002,2026-06-30T13:30:00Z,621.356
MTR-1002,2026-06-30T14:00:00Z,614.373
MTR-1002,2026-06-30T14:30:00Z,683.617
MTR-1002,2026-06-30T15:00:00Z,609.650
MTR-1002,2026-06-30T15:30:00Z,387.184
MTR-1002,2026-06-30T16:00:00Z,389.410
MTR-1002,2026-06-30T16:30:00Z,372.076
MTR-1002,2026-06-30T17:00:00Z,401.084
MTR-1002,2026-06-30T17:30:00Z,360.238
MTR-1002,2026-06-30T18:00:00Z,412.325
MTR-1002,2026-06-30T18:30:00Z,190.136
MTR-1002,2026-06-30T19:00:00Z,179.326
MTR-1002,2026-06-30T19:30:00Z,182.416
MTR-1002,2026-06-30T20:00:00Z,193.026
MTR-1002,2026-06-30T20:30:00Z,190.499
MTR-1002,2026-06-30T21:00:00Z,165.776
MTR-1002,2026-06-30T21:30:00Z,168.210
MTR-1002,2026-06-30T22:00:00Z,202.042
